id,text,data,user,user_id,favorite_cnt,retweet_cnt,reply_to_id
1177239279518527489,"@NeelaDBD Avec grand plaisir Neela, nous nous r√©jouissons d'apprendre que notre √©quipe ait fait le n√©cessaire aussi rapidement ‚ö° Passez une excellente fin de journ√©e‚ÄØ!",Thu Sep 26 15:11:30 +0000 2019,Airbnb France,308144360,1,0,1177232716363980801
1177206180462104576,"@Sophies64 Bonjour, nous serions ravis de pouvoir jeter un ≈ìil √† votre situation üëÄ Pourriez-vous nous envoyer un Message Priv√© en nous donnant l'adresse email li√©e √† votre compte Airbnb‚ÄØ? N'h√©sitez pas non plus √† nous donner plus de d√©tails. [LIEN]",Thu Sep 26 12:59:59 +0000 2019,Airbnb France,308144360,0,0,1177200897807605761
1177142463674376192,@NeelaDBD Nous venons de r√©pondre √† votre Message Priv√©. Nous attendons votre retour. Merci √† vous !,Thu Sep 26 08:46:48 +0000 2019,Airbnb France,308144360,1,0,1177140643791069185
1177140250478600193,"@NeelaDBD Bonjour, merci pour votre message. Rassurez-vous, nous sommes l√† pour vous aider. Nous allons regarder cela de plus pr√®s pour vous. Pouvez-vous nous envoyer un Message Priv√© en nous donnant l'adresse email utilis√©e pour acc√©der votre compte Airbnb‚ÄØ? Merci d'avance. [LIEN]",Thu Sep 26 08:38:00 +0000 2019,Airbnb France,308144360,0,0,1177136064429006849
1176873370769604609,"@LibertyBellzzz Bonjour Ornella, merci de nous avoir contact√©s. Nous allons voir tout cela de plus pr√®s et nous assurer qu'un retour vous soit apport√©‚ÄØ! Pourriez-vous nous envoyer un Message Priv√© en nous donnant l'adresse email utilis√©e sur votre compte Airbnb‚ÄØ? Merci d'avance. [LIEN]",Wed Sep 25 14:57:31 +0000 2019,Airbnb France,308144360,0,0,1176864738749206528
1176855877862723585,@Simon2331452881 Bonjour ! On a une petite liste de logements dont l'h√¥te parle fran√ßais : [LIEN] A vous de rajouter vos dates et de trouver la perle rare üòâ,Wed Sep 25 13:48:00 +0000 2019,Airbnb France,308144360,0,0,1176683442194604032
1176761892083253248,"@bsadrien Bonjour Adrien, nous sommes navr√©s de cette situation et sommes l√† pour vous assister. Afin de regarder cela de plus pr√®s, pouvez-vous nous envoyer un Message Priv√© en nous donnant l'adresse email utilis√©e pour acc√©der votre compte Airbnb‚ÄØ? Merci d'avance. [LIEN]",Wed Sep 25 07:34:32 +0000 2019,Airbnb France,308144360,0,0,1176564741407481856
1176494857554137089,"@Krenutzz Bonjour, nous venons de r√©pondre √† votre Message Priv√©. Bien √† vous.",Tue Sep 24 13:53:26 +0000 2019,Airbnb France,308144360,0,0,1176471190208167936
1176489095234772992,@sylvaingu Eh non malheureusement. Mais garder un ≈ìil sur les prochaines opportunit√©s üòâ,Tue Sep 24 13:30:33 +0000 2019,Airbnb France,308144360,0,0,1176468016864870400
1176458742189219846,@flo7449 Super ! On croise les doigts pour vous üòÄ,Tue Sep 24 11:29:56 +0000 2019,Airbnb France,308144360,1,0,1176452665884184582
1176448614715056130,@flo7449 Bonjour ! Tout semble bien fonctionner de notre c√¥t√©. Pourriez-vous une nouvelle fois essayer avec ce lien : [LIEN] üêß,Tue Sep 24 10:49:41 +0000 2019,Airbnb France,308144360,0,0,1176387411745677312
1176444918916624384,"@jackflash332 Seule la nuit du vingt-six novembre sera disponible pour un s√©jour unique au ch√¢teau de Highclere, en hommage √† Downton Abbey.",Tue Sep 24 10:35:00 +0000 2019,Airbnb France,308144360,0,0,1176160832478220290
1176440074315153408,"@SUKO_JAYA Pour des raisons de s√©curit√©, le ch√¢teau de Highclere n'est pas adapt√© aux enfants entre z√©ro et douze ans.",Tue Sep 24 10:15:45 +0000 2019,Airbnb France,308144360,0,0,1175641704445239296
1176439635314184192,@JaguaRaouw La nuit est √† 150¬£ pour deux voyageurs maximum. Rendez-vous le premier octobre √† treize heures tapantes pour envoyer votre demande de r√©servation : [LIEN] üï∞,Tue Sep 24 10:14:00 +0000 2019,Airbnb France,308144360,0,0,1175697162824495104
1176403787617067009,"@ParisResiste Bonjour, nous pouvons regarder cela de plus pr√®s si vous le souhaitez üëÄ Pourriez-vous nous envoyer un Message Priv√© en nous donnant l'adresse email utilis√©e sur votre compte Airbnb‚ÄØ? N'h√©sitez pas non plus √† nous en dire plus concernant votre situation. [LIEN]",Tue Sep 24 07:51:34 +0000 2019,Airbnb France,308144360,0,0,1176260736743542787
1176398487505821696,"@microlax75013 Bonjour, merci pour votre message. Nous sommes une plate-forme de mise en relation entre particulier et sugg√©rons √† tous les utilisateurs d'avoir un comportement responsable et respectueux. Nous vous invitons √† contacter directement ce voyageur si besoin. Merci et bonne journ√©e. [LIEN]",Tue Sep 24 07:30:30 +0000 2019,Airbnb France,308144360,0,0,1176177684529000451
1176089043995639809,"@NickyNixe Bonjour Nicky, nous venons de r√©pondre √† votre dernier message. Merci de revenir vers nous.",Mon Sep 23 11:00:53 +0000 2019,Airbnb France,308144360,0,0,1175993500237565952
1176088437457399808,"@NickyNixe Bonjour Nicky, nous sommes l√† pour vous aider. Pourriez-vous nous donner votre adresse mail par message priv√© afin de voir plus en d√©tail votre situation. Merci de nous tenir inform√©s. [LIEN]",Mon Sep 23 10:58:28 +0000 2019,Airbnb France,308144360,0,0,1175995929184227329
1176079707068129280,@stillgbx Bonjour Guillaume. Sachez que nous demandons aux h√¥tes et aux voyageurs de respecter le voisinage. Nous avons mis en place ce formulaire permettant aux voisins d'h√¥tes Airbnb de nous reporter toute situation n√©cessitant notre attention : [LIEN]. Bonne journ√©e.,Mon Sep 23 10:23:47 +0000 2019,Airbnb France,308144360,0,0,1175114855772315649
1176077500918747136,@boubsinho Bonjour. Nous allons regarder cela de plus pr√®s pour vous. Pouvez-vous nous envoyer un Message Priv√© en nous donnant l'adresse email utilis√©e pour acc√©der votre compte Airbnb‚ÄØ? Merci d'avance. [LIEN],Mon Sep 23 10:15:01 +0000 2019,Airbnb France,308144360,0,0,1176077150954434561
1176065023199928320,@Freux_Chevalier Merci pour votre retour. N'h√©sitez pas √† revenir vers nous par Message Priv√© pour que nous puissions regarder cela de plus pr√®s. Nous restons √† disposition.,Mon Sep 23 09:25:26 +0000 2019,Airbnb France,308144360,0,0,1176064216278736896
1176063406295715840,"@RizThai Bonjour Cyril, nous sommes l√† pour vous aider. Airbnb ne cautionne aucune forme de discrimination : [LIEN]. Nous souhaiterions voir plus en d√©tail votre situation. Pourriez-vous nous envoyer votre adresse mail par message priv√© ? Merci de nous tenir inform√©s. [LIEN]",Mon Sep 23 09:19:00 +0000 2019,Airbnb France,308144360,0,0,1175484884313366528
1176062146599358465,@yasmineelkouhen Bonjour Yasmine. Nous souhaitons vous informer qu'Airbnb ne tol√®re aucune forme de discrimination. Vous trouverez notre politique de non-discrimination ici : [LIEN]. Bonne journ√©e.,Mon Sep 23 09:14:00 +0000 2019,Airbnb France,308144360,0,0,1175403030491086848
1176059543744331776,"@ameril__ Bonjour Line. Airbnb ne tol√®re aucune forme de discrimination et nous prenons tr√®s au s√©rieux les cas de discrimination qui nous sont report√©s au sein de la communaut√© : [LIEN]. Envoyez-nous un Message Priv√© avec votre adresse mail, nous allons v√©rifier cela. [LIEN]",Mon Sep 23 09:03:40 +0000 2019,Airbnb France,308144360,0,0,1175342985292255234
1176051187830988801,"@Nopasaran971 Airbnb ne tol√®re aucune forme de discrimination et nous prenons tr√®s au s√©rieux les cas de discrimination qui nous sont report√©s au sein de la communaut√© : [LIEN]. Envoyez-nous votre adresse mail par Message Priv√© au besoin, nous ferons le suivi ensemble. [LIEN]",Mon Sep 23 08:30:27 +0000 2019,Airbnb France,308144360,0,0,1175169574070865922
1176045536849420293,@tduhayon Bonjour. Nous allons regarder cela de plus pr√®s pour vous. Pouvez-vous nous envoyer un Message Priv√© en nous donnant l'adresse email utilis√©e pour acc√©der votre compte Airbnb‚ÄØ? Merci d'avance. [LIEN],Mon Sep 23 08:08:00 +0000 2019,Airbnb France,308144360,0,0,1175690031794708480
1176044279250243585,"@AsmaeChou Bonjour, nous sommes navr√©s de cette situation. Rassurez-vous, nous sommes l√† pour vous aider. Nous allons regarder cela de plus pr√®s pour vous. Pouvez-vous nous envoyer un Message Priv√© en nous donnant l'adresse email utilis√©e pour acc√©der votre compte Airbnb‚ÄØ? Merci d'avance. [LIEN]",Mon Sep 23 08:03:00 +0000 2019,Airbnb France,308144360,0,0,1175439591920345089
1176039245489823745,"@Freux_Chevalier Les h√¥tes ont 24 heures pour accepter ou refuser votre demande de r√©servation, cependant vous pouvez contacter des h√¥tes qui ont activ√© la r√©servation instantan√©e et r√©server plus rapidement. N'h√©sitez pas √† revenir vers nous au besoin. Bonne journ√©e. 2/2 [LIEN]",Mon Sep 23 07:43:00 +0000 2019,Airbnb France,308144360,0,0,1175925324959440896
1176039201353150464,"@Freux_Chevalier Bonjour, merci de nous avoir contact√©s. Nous sommes navr√©s pour ce probl√®me technique et vous assurons faire de notre mieux pour le r√©soudre. Quant aux frais, les h√¥tes peuvent int√©grer des frais de m√©nage √† leur annonce, ils sont inclus dans le prix lors de la recherche. 1/2 [LIEN]",Mon Sep 23 07:42:50 +0000 2019,Airbnb France,308144360,0,0,1175925324959440896
1175075802137935873,"@cb80000 Le ch√¢teau de Highclere est la demeure actuelle du Comte et de la Comtesse de Carnarvon, c'est pourquoi il s'agit d'une opportunit√© unique pour une nuit seulement.",Fri Sep 20 15:54:37 +0000 2019,Airbnb France,308144360,0,0,1174775646066790402
1175075146790526977,"@SabrinaZedZed Les voyageurs seront accueillis par les h√¥tes des lieux, le Comte et la Comtesse de Carnarvon, et le d√Æner servi par le majordome du ch√¢teau de Highclere. Mais rassurez-vous, chaque d√©tail du s√©jour serait approuv√© par Carson et Mr Bates üé©",Fri Sep 20 15:52:01 +0000 2019,Airbnb France,308144360,3,0,1174718678492962831
1174994592418140160,"@laurianep9 Bonjour, nous sommes navr√©s de cette situation. Nous sommes disponibles par Message Priv√© ainsi que par t√©l√©phone au +33 1 84 88 40 00 pour une assistance imm√©diate. Dans l'attente de votre retour, et en vous remerciant d'avance. [LIEN]",Fri Sep 20 10:31:55 +0000 2019,Airbnb France,308144360,1,0,1174977271934832641
1174987062837153793,"@Laureoooo Merci, nos coll√®gues reviennent vers vous directement.",Fri Sep 20 10:02:00 +0000 2019,Airbnb France,308144360,0,0,1174714770831872000
1174958627469197312,"@nicolasdumont Bonjour Nicolas, nous sommes l√† pour vous aider. Vous pouvez nous en dire plus par message priv√©, avec votre adresse mail. Nous ferons le suivi ensemble, rassurez-vous. Merci de nous tenir inform√©s.",Fri Sep 20 08:09:01 +0000 2019,Airbnb France,308144360,0,0,1174747039978139648
1174955965457682433,"@Marlow_7 Bonjour et merci pour message. Rassurez-vous, nous sommes l√† pour vous aider. Nous allons regarder cela de plus pr√®s pour vous üëÄ Pouvez-vous nous envoyer un Message Priv√© en nous donnant l'adresse email utilis√©e pour acc√©der votre compte Airbnb‚ÄØ? Merci d'avance. [LIEN]",Fri Sep 20 07:58:26 +0000 2019,Airbnb France,308144360,0,0,1174955218947072000
1174953208277393410,"@MrGrydou Bonjour, nous avons r√©pondu √† votre message priv√©. Vous √™tes bienvenu pour nous recontacter par le m√™me biais. En vous remerciant. [LIEN]",Fri Sep 20 07:47:29 +0000 2019,Airbnb France,308144360,0,0,1174943862298529792
1174952954798866433,"@titlap Si vous ne parvenez pas √† trouver un accord, vous pourrez solliciter Airbnb pour prendre une d√©cision finale. Il vous suffira de Faire intervenir Airbnb sur le site [LIEN] apr√®s un d√©lai de 72h. N'h√©sitez pas √† revenir vers nous au besoin. Bonne journ√©e. 2/2 [LIEN]",Fri Sep 20 07:46:28 +0000 2019,Airbnb France,308144360,0,0,1174941883774038016
1174952838214012928,"@titlap Bonjour, merci de nous avoir contact√©s ! Nous sommes navr√©s d'apprendre que votre r√©servation ne s'est pas d√©roul√©e comme pr√©vu. Vous pouvez demander un remboursement √† votre h√¥te/voyageur via le Centre de r√©solution : [LIEN]. 1/2 [LIEN]",Fri Sep 20 07:46:00 +0000 2019,Airbnb France,308144360,0,0,1174941883774038016
1174949759586488321,"@Ihlemk1 Bonjour, merci de nous avoir contact√©s. Pour pouvoir vous aider, pourriez-vous nous envoyer l'adresse mail enregistr√©e sur votre compte Airbnb en Message Priv√© ? Vous pouvez aussi nous joindre au num√©ro suivant pour une assistance imm√©diate : +33 (0)184884000. En vous remerciant. [LIEN]",Fri Sep 20 07:33:46 +0000 2019,Airbnb France,308144360,0,0,1174767936957030400
1174713764144435200,"@Laureoooo Bonjour, nous sommes l√† pour vous aider. Pouvez-vous nous envoyer votre adresse mail par message priv√©, afin que l'on regarde cela de plus pr√®s ensemble ? Merci de nous tenir inform√©s.",Thu Sep 19 15:56:01 +0000 2019,Airbnb France,308144360,0,0,1174711857367658496
1174713491581784066,"@saennes Bonjour, nous venons de r√©pondre √† votre message priv√©. Bonne journ√©e √† vous.",Thu Sep 19 15:54:56 +0000 2019,Airbnb France,308144360,1,0,1174684051908833280
1174679032920707074,"@delansorne1889c Quelle merveilleuse cr√©ature ! Cependant, nous doutons fort que Carson approuverait üé©",Thu Sep 19 13:38:00 +0000 2019,Airbnb France,308144360,1,1,1174433862887333888
1174674401641603072,"@hubgang Malgr√© la possible ressemblance, il s'agit d'un lieu diff√©rent en effet. Passez une excellente apr√®s-midi !",Thu Sep 19 13:19:36 +0000 2019,Airbnb France,308144360,1,0,1174621843518566400
1174639273875791872,"@fist1984 H√©las non, cela n'est pas pr√©vu pour le moment. Pensez √† utiliser notre programme de parrainage pour gagner des cr√©dits de voyage : [LIEN]. Passez une excellente journ√©e.",Thu Sep 19 11:00:01 +0000 2019,Airbnb France,308144360,0,0,1174305382770126850
1174637005902426112,"@Shinjuku75 Comme l‚Äôh√¥te s‚Äôattend √† ce que l‚Äôannonce rencontre une grande popularit√©, et afin de s‚Äôassurer que chacun ait l‚Äôopportunit√© de r√©server, elle ajoutera la disponibilit√© pour deux voyageurs le premier octobre √† treize heures.",Thu Sep 19 10:51:00 +0000 2019,Airbnb France,308144360,0,0,1174213261773987841
1174625366025089024,"@sarahyaelle Bonjour Sarah, nous sommes l√† pour vous aider. Nous vous invitons √† faire votre recherche sur notre plate-forme directement ici : [LIEN]. Vous pourrez mettre vos filtres de recherche selon vos besoins : [LIEN]. Bonne journ√©e.",Thu Sep 19 10:04:45 +0000 2019,Airbnb France,308144360,0,0,1174621390340841472
1174620828153069568,"@evasion33000 Le programme du s√©jour est l√©g√®rement diff√©rent, mais la chambre a une vue imprenable sur les 1000 hectares de parc vallonn√©s du ch√¢teau de Highclere !",Thu Sep 19 09:46:43 +0000 2019,Airbnb France,308144360,0,0,1174229023481896961
1174616873486422016,"@arsenijevi Bonjour Djamila. Les demandes de r√©servations seront ouvertes le premier octobre √† partir de treize heures. Seule la nuit du vingt-six novembre sera disponible, pour deux voyageurs maximum. Ils recevront un traitement royal de la part de leurs h√¥tes, Lord et Lady Carnarvon.",Thu Sep 19 09:31:00 +0000 2019,Airbnb France,308144360,1,0,1174039427691229184
1174615466146455552,@bstergann Le prix est de 150¬£ pour deux personnes. Rendez-vous le premier octobre pour votre demande de r√©servation : [LIEN].,Thu Sep 19 09:25:25 +0000 2019,Airbnb France,308144360,2,0,1174036131723337729
1174591332523872256,"@theohrbr Bonjour Th√©o, merci de nous avoir contact√©s. Nous allons regarder cela de plus pr√®s üëÄ Pourriez-vous nous envoyer un Message Priv√© en nous donnant l'adresse email utilis√©e sur votre compte Airbnb‚ÄØ? Merci d'avance. [LIEN]",Thu Sep 19 07:49:31 +0000 2019,Airbnb France,308144360,0,0,1174416214925422592
1174584169441181697,"@LDHypnotiK Bonjour, nous sommes navr√©s de cette situation et sommes l√† pour vous aider. Nous allons regarder cela de plus pr√®s pour vous. Pouvez-vous nous envoyer un Message Priv√© en nous donnant l'adresse email utilis√©e pour acc√©der votre compte Airbnb‚ÄØ? Merci d'avance. [LIEN]",Thu Sep 19 07:21:03 +0000 2019,Airbnb France,308144360,0,0,1174367308422307841
1174307777105276929,"@galeriethomasvi Bonjour, nous venons de r√©pondre √† votre Message Priv√©.",Wed Sep 18 13:02:46 +0000 2019,Airbnb France,308144360,0,0,1174216010670530560
1174281719794585600,"@julienM13190 Malgr√© la ressemblance, il s'agit d'un lieu diff√©rent.",Wed Sep 18 11:19:13 +0000 2019,Airbnb France,308144360,1,0,1173929279819849728
1174263488518262784,"@greg59211 Patience, Gr√©gory. Les r√©servations seront ouvertes √† partir du premier octobre √† treize heures. En attendant, nous vous souhaitons une excellente journ√©e.",Wed Sep 18 10:06:47 +0000 2019,Airbnb France,308144360,3,0,1173919773786353665
1174258455630295041,"@and_lucile Bonjour Lucile. Merci pour votre message, nous sommes l√† pour vous assister. Pourriez-vous nous transmettre plus de d√©tails sur le probl√®me rencontr√© par Message Priv√© ? Nous restons en attente de votre retour. [LIEN]",Wed Sep 18 09:46:47 +0000 2019,Airbnb France,308144360,0,0,1174255533278334977
1174238785447575552,"@yark_95 Bonjour, si vous ne voyez pas le logo des messages archiv√©s sur l'application, nous vous invitons √† la mettre √† jour et √† utiliser le site internet pour y acc√©der en attendant. N'h√©sitez pas √† revenir vers nous en Message Priv√© si vous rencontrez le moindre souci en proc√©dant. [LIEN]",Wed Sep 18 08:28:37 +0000 2019,Airbnb France,308144360,0,0,1174232617627074560
1174230445447405568,"@TribanEco Bonjour, merci de nous avoir contact√©s. Nous aimerions aller voir la situation de plus pr√®s pour pouvoir vous aider. N'h√©sitez pas pour se faire √† nous envoyer l'adresse mail enregistr√©e sur votre compte Airbnb en Message Priv√©. En vous remerciant. [LIEN]",Wed Sep 18 07:55:28 +0000 2019,Airbnb France,308144360,1,0,1174065909683671040
1177492966392250371,"@Cedrick_Marvel Pour une annulation √† 7 jours de l'entr√©e dans les lieux, le remboursement est de 50 % du prix par nuit. Tout remboursement compl√©mentaire est √† la discr√©tion de l'h√¥te, vous pouvez envoyer une demande via le lien suivant : [LIEN]. Nous restons √† disposition. 2/2",Fri Sep 27 07:59:34 +0000 2019,Airbnb France,308144360,0,0,1177336438469402628
1177492965087801344,"@Cedrick_Marvel Bonjour. Merci pour votre message. Si l'annulation survient 14 jours avant l'entr√©e dans les lieux et 48 h apr√®s la confirmation, le remboursement est int√©gral. Si l'annulation intervient √† plus de 48 h de la confirmation les frais de services ne sont pas rembours√©s. 1/2",Fri Sep 27 07:59:34 +0000 2019,Airbnb France,308144360,0,0,1177336438469402628
1177484015877537793,"@LibertyBellzzz Bonjour Ornella, nous venons de r√©pondre √† votre Message Priv√© üôÇ",Fri Sep 27 07:24:00 +0000 2019,Airbnb France,308144360,0,0,1177444776477478912
