id,text,date,user,user_id,reply_to_id
1177327864875749393,"@FredericNuyts Bonsoir, si vous pensez qu'un commentaire ne respecte pas nos instructions de la communaut√©, n'h√©sitez pas √† le signaler via le bouton ""signaler un abus"". Nos √©quipes proc√©deront √† sa r√©vision.
^KD",Thu Sep 26 21:03:31 +0000 2019,Amazon Help,85741735,1.1773266176448102e+18
1177199251350310913,"@CosplayDark Bonjour,
Je suis d√©sol√© d'apprendre que vous avez v√©cu une mauvaise exp√©rience avec notre SAV, pourriez-vous nous expliquer la situation afin qu'on puisse vous aider ? ^AR",Thu Sep 26 12:32:27 +0000 2019,Amazon Help,85741735,1.1771977836416696e+18
1176960315491311618,"@anatolyivanov Bonsoir IVANOV, je suis d√©sol√© d'apprendre que vous n'avez pas re√ßu votre colis, avez-vous signal√© cet incident √† notre service client ? Si oui, quelle √©tait la r√©ponse de ce dernier ?
-YLE",Wed Sep 25 20:43:00 +0000 2019,Amazon Help,85741735,1.1769592684839772e+18
1176924948750901249,"@Toniodu7 Bonsoir, que mentionne le suivi du colis √† l'heure actuelle ?
^KD",Wed Sep 25 18:22:28 +0000 2019,Amazon Help,85741735,1.1769244062889329e+18
1176924947467395072,"@GrooveRage Bonjour, je suis sinc√®rement d√©sol√© d'apprendre cela ! Avez-vous un message d'erreur lorsque vous essayez d'inviter une personne ?
^OB",Wed Sep 25 18:22:28 +0000 2019,Amazon Help,85741735,1.1769225211252818e+18
1176922739468382208,"@TheocromLive Bonjour, l'article que vous d√©sirez acheter est-il propos√© en paiement 4 fois ?
^YA",Wed Sep 25 18:13:41 +0000 2019,Amazon Help,85741735,1.1769195654706995e+18
1176896057059491841,"@Laight_TV Bonjour ! Je suis d√©sol√©e pour la g√™ne occasionn√©e par ce probl√®me, avez-vous v√©rifi√© aupr√®s de votre gardien/voisinage, je vous prie ?
^AA",Wed Sep 25 16:27:40 +0000 2019,Amazon Help,85741735,1.1768944863471575e+18
1176884804417179648,"@Rricless Si vous avez re√ßu une confirmation de remboursement vous l'aurez sur votre compte bancaire dans les 5 √† 7 jours ouvr√©s.
^YA",Wed Sep 25 15:42:57 +0000 2019,Amazon Help,85741735,1.1768804831641969e+18
1176880037355839488,"@Gnorlaff Bonjour, je suis sinc√®rement d√©sol√© pour la g√™ne occasionn√©e ! Afin d'y rem√©dier, je vous prie de faire part de cet incident √† notre sav. N'h√©sitez pas √† nous tenir au courant !
^OB",Wed Sep 25 15:24:00 +0000 2019,Amazon Help,85741735,1.176877987305808e+18
1176810943659094017,"@Renard1A Bonjour, je suis extr√™mement navr√© des conditions de votre livraison. J'aimerais prendre en charge votre demande pour se faire, je vous prie de remplir le formulaire suivant depuis un ordi en incluant le n¬∞ de commande s'il vous pla√Æt :  [LIEN]  ^HE.",Wed Sep 25 10:49:27 +0000 2019,Amazon Help,85741735,1.1768088202255606e+18
1176612706893336577,"@Lht_Stev Je suis d√©sol√© de la mani√®re dont la livraison de votre colis s'est d√©roul√©e. Pourriez-vous nous pr√©ciser le nom du transport., s'il vous pla√Æt ? ^HB",Tue Sep 24 21:41:44 +0000 2019,Amazon Help,85741735,1.176610424571224e+18
1176507861880528896,"@Sylv172 Nous d√©terminons automatiquement, une fois votre commande valid√©e, le transporteur en fonction de certains crit√®res tels que votre code postal, le volume ou le poids des articles. J'esp√®re que vous comprenez notre d√©marche. ^HB",Tue Sep 24 14:45:07 +0000 2019,Amazon Help,85741735,1.1765059327312896e+18
1176479017341521920,"@CosplayDark Bonjour, En effet, certains transporteurs ont la possibilit√© de d√©poser le colis en boite aux lettres, chez un voisin ou votre gardien. Une signature n'est donc pas exig√©. Quel est le statut actuel de votre livraison ? ^MH",Tue Sep 24 12:50:30 +0000 2019,Amazon Help,85741735,1.1764769819128422e+18
1176435505636007938,"@jnk Bonjour, je suis d√©sol√©e d'apprendre cela, je vous prie de relancer notre coll√®gue en r√©pondant √† son email de la prise en charge.
^SS",Tue Sep 24 09:57:36 +0000 2019,Amazon Help,85741735,1.1764329570971648e+18
1176425548723212288,"@AidenGalofi Bonjour, je vous prie de nous communiquer le lien de l'article en question.
^SS",Tue Sep 24 09:18:02 +0000 2019,Amazon Help,85741735,1.1764250545125663e+18
1176388255882850306,"@SeraphindeF Bonjour, je suis d√©sol√©e d'apprendre cela. Pouvez-vous nous indiquer s'il vous pla√Æt, si la commande a √©t√© exp√©di√©e par amazon ou bien par un vendeur tiers ? ^HEL.",Tue Sep 24 06:49:51 +0000 2019,Amazon Help,85741735,1.1763862906333266e+18
1176382124636758016,"@Flammingoooo Bonjour, je suis d√©sol√©e d'apprendre cela. Pourriez-vous m'expliquer davantage le souci rencontr√©‚ÄØ? Je vous prie. ^IM",Tue Sep 24 06:25:29 +0000 2019,Amazon Help,85741735,1.1763812523430748e+18
1176225329368772611,"@NicolasCatard Bonsoir, je suis d√©sol√© d'apprendre que vous n'avez as re√ßu votre colis, pourriez-vous nous communiquer le nom du transporteur ayant pris en charge la livraison de votre colis ?
-YLE",Mon Sep 23 20:02:26 +0000 2019,Amazon Help,85741735,1.176224059081855e+18
1176195656236589057,"@SwyZeOff Bonsoir, avez-vous constat√© un incident pareil sur l'une de vos livraisons ? Savez-vous quel transporteur s'en est occup√© ? ^MH",Mon Sep 23 18:04:31 +0000 2019,Amazon Help,85741735,1.1761937883032904e+18
1176136386384150529,"@CosplayDark Avez-vous fourni les documents demand√©s par notre service client ?
^KG",Mon Sep 23 14:09:00 +0000 2019,Amazon Help,85741735,1.1761352544086712e+18
1176133774276472832,"@fridaetmoi En effet quelques articles sont envoy√© dans leur emballage d'origine, cette information est g√©n√©ralement disponible sur la page d√©taill√©e de l'article, pourriez-vous nous communiquer le lien ? ^HB",Mon Sep 23 13:58:37 +0000 2019,Amazon Help,85741735,1.1761306859517624e+18
1176127434506350592,"@KVal3003 Bonjour, je suis navr√© que  votre t√©l√© n'est pas r√©pertori√©e dans la liste des TV compatibles Fire TV Stick, Avez-vous contact√© notre SAV pour voir s'il y'a d'autres alternatives ?^HE.",Mon Sep 23 13:33:26 +0000 2019,Amazon Help,85741735,1.176124639044604e+18
1176099761738395648,"@CosplayDark Bonjour, je vous prie de patienter, vous serez contact√© comme pr√©cis√© pr√©c√©demment par notre service client pour vous tenir inform√© de la situation.
^SS",Mon Sep 23 11:43:28 +0000 2019,Amazon Help,85741735,1.1760987065102705e+18
1176071059214340096,"@GulyRetro Bonjour, Je suis extr√™mement navr√© que votre colis a √©t√© livr√© dans de tel conditions. Pouvez-vous nous confirmer quel est transporteur ayant pris en charge votre livraison s'il vous plait ?HE.",Mon Sep 23 09:49:25 +0000 2019,Amazon Help,85741735,1.1760666122538762e+18
1175855787945672704,"@CosplayDark Bonsoir, avant de poster un commentaire, veuillez toujours vous assurer que celui est conforme √† nos r√®gles d'√©criture via ce lien: [LIEN]

^SAH",Sun Sep 22 19:34:00 +0000 2019,Amazon Help,85741735,1.1758546318151352e+18
1175836167696277505,"@Dpapeleux Bonjour, je suis sinc√®rement d√©sol√© pour la g√™ne occasionn√©e ! Avez-vous eu l'occasion de signaler cet incident √† notre sav, je vous prie ?
^OB",Sun Sep 22 18:16:03 +0000 2019,Amazon Help,85741735,1.1758350459799675e+18
1175813896910901249,"@CoinCoin88 Bonjour Thomas, d√©sol√©e de l'apprendre, cet incident ne refl√®te en rien la qualit√© du service que nous souhaitons vous offrir.
Pourriez-vous nous indiquer le nom du transporteur ayant pris en charge la livraison de ce colis ?
^KG",Sun Sep 22 16:47:33 +0000 2019,Amazon Help,85741735,1.1758115420944056e+18
1175803235631796226,"@_Iyashi Bonjour,
Je suis d√©sol√©e d'apprendre cela, vous √™tes vous renseign√© aupr√®s de votre voisinage, je vous prie ?
^AA",Sun Sep 22 16:05:11 +0000 2019,Amazon Help,85741735,1.1758009586238587e+18
1175717374642839552,"@M_DiataC Bonjour, je suis d√©sol√©e d'apprendre cela, avez-vous pr√©cis√© √† notre service client que le constructeur vous a renvoy√© vers nous ?
^SS",Sun Sep 22 10:24:00 +0000 2019,Amazon Help,85741735,1.1757163518450524e+18
1175717022707126272,"@Karim39555 Bonjour Karim. N'ayant pas acc√®s √† votre compte depuis Twitter, je vous invite √† contacter notre SAV, afin qu'ils puissent v√©rifier cela de plus pr√®s : [LIEN] . ^HEL.",Sun Sep 22 10:22:36 +0000 2019,Amazon Help,85741735,1.1757147432916582e+18
1175688807540318208,"@orosell Nous n'avons pas acc√®s aux informations de compte via Twitter, mais nous aimerions vous mettre en contact avec la bonne √©quipe.  je vous recommande de demander un rappel t√©l√©phonique via [LIEN] Un de nos agents prendra contact avec vous imm√©diatement. ^KB",Sun Sep 22 08:30:29 +0000 2019,Amazon Help,85741735,1.1756867402475315e+18
1175671451875258371,"@Losb4ng Bonjour, je suis d√©sol√© pour ce d√©sagr√©ment caus√©, est ce que vous avez signal√© le souci √† notre service client ? je vous prie ^KB.",Sun Sep 22 07:21:31 +0000 2019,Amazon Help,85741735,1.1756686654354678e+18
1175475464741240833,"@ChrisRavelot Bonjour, nous sommes navr√©s par rapport √† ce contretemps. Avez-vous pris contact avec notre SAV afin d'avoir plus d'information concernant ce retard‚ÄØ? 
^IC",Sat Sep 21 18:22:44 +0000 2019,Amazon Help,85741735,1.175473709181735e+18
1175419768842665990,"@LaTechdeMiguel Bonjour, je suis sinc√®rement d√©sol√© d'apprendre cela ! Avez-vous eu l'occasion de signaler cet incident √† notre sav, je vous prie ?
^OB",Sat Sep 21 14:41:25 +0000 2019,Amazon Help,85741735,1.1754173142101893e+18
1175412366890192896,"@LeGallNathan Bonjour, je suis sinc√®rement d√©sol√© pour la g√™ne occasionn√©e ! Avez-vous eu l'occasion de signaler cet incident √† notre sav, je vous prie ?
^OB",Sat Sep 21 14:12:01 +0000 2019,Amazon Help,85741735,1.1754098993895588e+18
1175360385232359424,"@AntoineRslt Bonjour, la disponibilit√© ainsi que la version des vid√©os d√©pend de nos accords avec les propri√©taires de contenus. Nous cherchons constamment √† renforcer ces accords afin de pouvoir vous proposer le plus grand choix de films et de s√©ries possible. Merci pour votre int√©r√™t. ^IC",Sat Sep 21 10:45:27 +0000 2019,Amazon Help,85741735,1.1753592140065382e+18
1175112794192175104,"@pianicimot Bonsoir, je suis d√©sol√© pour cela :\ Savez-vous quel transporteur a pris en charge la livraison ? ^MH",Fri Sep 20 18:21:37 +0000 2019,Amazon Help,85741735,1.1751103264690504e+18
1175104586585190400,"@Dreamphenix_TV Bonjour, navr√©e de l'apprendre. Pouvez-vous nous communiquer le nom de transporteur ayant pris en charge la livraison de votre colis ?
^CR",Fri Sep 20 17:49:00 +0000 2019,Amazon Help,85741735,1.1751017581646152e+18
1175103055882272771,"@Ka_raDoc Nous en sommes sinc√®rement navr√©s. Mais sachez que tout incident signal√© √† notre SAV fait l'objet d'une remont√©e afin d'am√©liorer nos services, je vous prie de nous excuser encore une fois pour toute g√™ne occasionn√©e. ^IC",Fri Sep 20 17:42:55 +0000 2019,Amazon Help,85741735,1.1751022210187018e+18
1175101516916699137,"@Cidou10 Bonjour, nous n'avons pas une visibilit√© sur votre compte depuis Twitter. Avez-vous eu l'occasion de v√©rifier cela aupr√®s de notre SAV.
^CR",Fri Sep 20 17:36:48 +0000 2019,Amazon Help,85741735,1.1751003381116805e+18
1175073382280380417,"@VertigaYTB Bonjour, je suis vraiment navr√©e pour cela, est-ce que votre article est en bon √©tat‚ÄØ? Pouvez-vous aussi nous indiquer si votre colis a √©t√© exp√©di√© par Amazon ou par un vendeur tiers je vous prie‚ÄØ? ^MB",Fri Sep 20 15:45:00 +0000 2019,Amazon Help,85741735,1.1750714069645844e+18
1175070363782438915,"@houstonlfb Bonjour, navr√©e pour cela, avez-vous contact√© notre SAV je vous prie‚ÄØ? ^MB",Fri Sep 20 15:33:01 +0000 2019,Amazon Help,85741735,1.175067842582106e+18
1175061171017310210,"@Arthurlouge Bonjour Arthur, nous en sommes navr√©s. Afin qu'on puisse remonter le cas je vous prie de remplir le formulaire suivant depuis votre ordinateur via le lien : [LIEN]. Merci pour votre compr√©hension et votre patience. 
^IC",Fri Sep 20 14:56:29 +0000 2019,Amazon Help,85741735,1.1750584071554908e+18
1175052230786985986,"@iDamien_H Bonjour, d√©sol√©e d'apprendre que votre commande est en retard, pourriez-vous nous indiquer ce que montre le suivi de votre colis ?
^KG",Fri Sep 20 14:20:57 +0000 2019,Amazon Help,85741735,1.175049901350228e+18
1175048368965455873,"@dylan_cochez Bonjour, Pouvez-vous nous pr√©ciser si c'est une commande vendue et exp√©di√©e par [LIEN] oubien par un vendeur tiers s'il vous plait ?^HE.",Fri Sep 20 14:05:37 +0000 2019,Amazon Help,85741735,1.1750442814232904e+18
1175047733155160069,"@LiiLiie67 Bonjour, Je suis navr√© d'apprendre cela, pouvez-vous nous pr√©ciser quel est le transporteur qui prends en charge votre colis ?^HE.",Fri Sep 20 14:03:05 +0000 2019,Amazon Help,85741735,1.175043576432083e+18
1174983035126722560,"@Ludo_chan Bonjour, pouvez-vous nous expliquez davantage je vous prie‚ÄØ? ^MB",Fri Sep 20 09:46:00 +0000 2019,Amazon Help,85741735,1.174981904224813e+18
1174952629232779265,"@TUNiiZiiANoO Je suis navr√©e pour ce retard de livraison, l'avez-vous signal√© √† notre SAV je vous prie‚ÄØ? ^MB",Fri Sep 20 07:45:11 +0000 2019,Amazon Help,85741735,1.1749513293088727e+18
1174946796902043650,"@AdrienGueret Bonjour Adrien, je suis sinc√®rement d√©sol√©e d'apprendre cela. Je vous assure que nous travaillons avec nos fournisseurs afin de nous procurer cet article pour vous l‚Äôenvoyer dans les plus brefs. Merci de votre patience et votre compr√©hension. ^IM",Fri Sep 20 07:22:00 +0000 2019,Amazon Help,85741735,1.1749418429718405e+18
1174749287298850818,"@soniacollin92 Bonjour Sonia, vous m'en voyez navr√©e. Cette t√©l√©commande est exp√©di√©e par Amazon ou un vendeur tiers, je vous prie ?
^CR",Thu Sep 19 18:17:10 +0000 2019,Amazon Help,85741735,1.1747476775081656e+18
1174724742714187781,"@yohannm1988 Pourriez-vous relancer notre SAV √† ce sujet, je vous prie ?
^AA",Thu Sep 19 16:39:38 +0000 2019,Amazon Help,85741735,1.1747231425075323e+18
1174722333027815424,"@Minuit_1 Bonjour, la date de livraison est pr√©vue pour quand exactement ? ^ KO",Thu Sep 19 16:30:04 +0000 2019,Amazon Help,85741735,1.1747209544439767e+18
1174718706926178304,"@chnafonval Bonsoir, vraiment d√©sol√© pour cet incident. Avez-vous eu l'occasion de le signaler √† nos √©quipes du service client ?
^KD",Thu Sep 19 16:15:39 +0000 2019,Amazon Help,85741735,1.174715757084795e+18
1174676247852568576,"@PandoraGallagh3 Bonjour Pandora,
Je suis sinc√®rement d√©sol√© pour cette mauvaise exp√©rience v√©cue, pourriez-vous consulter le suivi de votre colis et nous indiquer le nom du transporteur responsable de cette livraison s'il vous pla√Æt ? ^AR",Thu Sep 19 13:26:56 +0000 2019,Amazon Help,85741735,1.1746720367083889e+18
1174650468896837635,"@LudoMzt Nous en sommes sinc√®rement d√©sol√©s. Afin de remonter l'incident, je vous prie de remplir, depuis votre ordinateur, le formulaire suivant  : [LIEN]. Nous comptons sur notre compr√©hension et votre patience. 
^IC",Thu Sep 19 11:44:30 +0000 2019,Amazon Help,85741735,1.17464611989427e+18
1174648581292269568,"@AcaciaMiss Bonjour, en v√©rifiant le d√©tail de l'article, il s'agit bien de ""Twin Peaks (Ltd Event Colour) allemand"". ^SB",Thu Sep 19 11:37:00 +0000 2019,Amazon Help,85741735,1.1746449137844634e+18
1174640025264447489,"@unpimento Bonjour, je vous invite √† nous joindre via ce lien : [LIEN] afin de vous assister. ^MH",Thu Sep 19 11:03:00 +0000 2019,Amazon Help,85741735,1.174638000422183e+18
1174637760503853056,"@SadioMainMane Bonjour,
Est-ce qu'il s'agit d'un colis Amazon que vous attendez ? ^AR",Thu Sep 19 10:54:00 +0000 2019,Amazon Help,85741735,1.1746363565444096e+18
1174630713687191552,"@LeGallNathan Bonjour, sinc√®rement d√©sol√©e pour cela, je vous prie de le signaler √† notre SAV pour traiter votre r√©clamation de plus pr√®s. ^MB",Thu Sep 19 10:26:00 +0000 2019,Amazon Help,85741735,1.1746288471171154e+18
1174626072278777857,"@itsladycee Bonjour,
Qu'est-ce que vous obtenez comme message s'il vous pla√Æt. ^AR",Thu Sep 19 10:07:33 +0000 2019,Amazon Help,85741735,1.1746213723220582e+18
1174592590383071232,"@Bilssssss Bonjour, n'ayant pas acc√®s √† votre compte depuis Twitter. Je vous prie de signaler cela √† notre SAV via ce lien : [LIEN] afin de v√©rifier la situation en d√©tails et vous apporter une r√©ponse appropri√©e. ^IM",Thu Sep 19 07:54:31 +0000 2019,Amazon Help,85741735,1.174590035938685e+18
1174461983212679169,"@_Tod_1 Bonsoir, bonne r√©ception et n'h√©sitez pas √† nous contacter en cas de besoin ^SN",Wed Sep 18 23:15:31 +0000 2019,Amazon Help,85741735,1.1744611984542065e+18
1174432566402867200,"@FassTechFR Bonsoir, sur l'e-mail envoy√© de la part de notre √©quipe de sp√©cialiste des comptes on vous a communiqu√© l'adresse √† laquelle vous pouvez envoyer vos documents, avez-vous re√ßu cet e-mail je vous prie ? ^SN",Wed Sep 18 21:18:38 +0000 2019,Amazon Help,85741735,1.17442993429248e+18
1174411368889556993,"@iDamien_H Bonsoir, d√©sol√© d'apprendre votre commande est en retard. La priorit√© de notre service client est de v√©rifier les circonstances de cette livraison et rectifier le tir pour vous faire parvenir ce colis le plus rapidement possible.
^KD",Wed Sep 18 19:54:24 +0000 2019,Amazon Help,85741735,1.1744104199995802e+18
1174376288284479488,"@hyunkelgyard Bonjour, je suis sinc√®rement d√©sol√© pour la g√™ne occasionn√©e ! Avez-vous v√©rifi√© aupr√®s de votre entourage, je vous prie ?
^OB",Wed Sep 18 17:35:00 +0000 2019,Amazon Help,85741735,1.1743745904512778e+18
1174342435079643136,"@schalio Bonjour, je suis sinc√®rement d√©sol√© d'apprendre cela ! Qu'indique le suivi actuel de votre colis ? Par ailleurs, quel est le transporteur qui prend en charge la livraison de votre commande s'il vous pla√Æt ?
^OB",Wed Sep 18 15:20:29 +0000 2019,Amazon Help,85741735,1.1743405200611656e+18
1174325201762508800,"@stunty999 @ColisPriveSuivi @Colis2Prive Bonjour, je vous prie de nous excuser ce contretemps. Avez-vous contact√© notre SAV afin de leur faire part du souci rencontr√© ? ^HEL.",Wed Sep 18 14:12:00 +0000 2019,Amazon Help,85741735,1.1743221046380175e+18
1174315761034285056,"@clesdelaclasse Bonjour, je suis vraiment d√©sol√©e, cet incident ne refl√®te en rien la qualit√© du service que nous souhaitons vous offrir. 
Je souhaite v√©rifier de plus pr√®s, pourriez-vous remplir le formulaire suivant s'il vous plait [LIEN]
^KG",Wed Sep 18 13:34:29 +0000 2019,Amazon Help,85741735,1.1743143254791864e+18
1174313393253158913,"@AstroAlteraane Bonjour, quel mode de livraison avez-vous choisi s'il vous plait ? 

^KG",Wed Sep 18 13:25:05 +0000 2019,Amazon Help,85741735,1.174311887783248e+18
1174277610555289601,"@bbydinh Bonjour, je suis navr√© d'apprendre que vous n'avez pas re√ßu votre commande malgr√© la mention livr√©e. Afin de mieux vous assister, est-ce que l'article est exp√©di√© par Amazon ou par un vendeur tiers ? 
^YZ",Wed Sep 18 11:02:54 +0000 2019,Amazon Help,85741735,1.1742734304070615e+18
1174263142177792000,"@Wijnalboom Bonjour, je suis navr√© du retard, avez inform√© notre SAV √† ce sujet ?^HE.",Wed Sep 18 10:05:24 +0000 2019,Amazon Help,85741735,1.1742619486508524e+18
1174259914916716544,"@florentderue Bonjour Florent, je vous remercie de nous en avoir inform√©s. Pouvez-vous nous envoyer le lien de cet article, je vous prie ? ^MBE",Wed Sep 18 09:52:35 +0000 2019,Amazon Help,85741735,1.174258210573865e+18
1174241000044343298,"@dreamreadlive Bonjour, le colis pourrait √™tre exp√©di√© au courant de la journ√©e ou demain. La date de livraison n'√©tant pas d√©pass√©e, je fais appel √† votre patience. Merci de votre compr√©hension. ^MBE",Wed Sep 18 08:37:25 +0000 2019,Amazon Help,85741735,1.174240424048898e+18
1177582771520319488,@PetitTroll Vous m'en voyez ravie . üòä Je vous souhaite un tr√®s joyeux anniversaire ! üíï ^MBE,Fri Sep 27 13:56:25 +0000 2019,Amazon Help,85741735,1.177581265559728e+18
1177553103815675904,@CosplayDark Il est bien probable que votre demande n√©cessite plus de temps pour faire les recherches et prendre les mesures n√©cessaires. Avez-vous pris contact avec notre service client apr√®s avoir re√ßu cet √©mail ? ^SB,Fri Sep 27 11:58:32 +0000 2019,Amazon Help,85741735,1.1775521509536973e+18
1177660930584395776,"@Figo__10 Bonsoir, vous m'en voyez navr√©e. Avez-vous relanc√© notre SAV, je vous prie ?
^CR",Fri Sep 27 19:07:00 +0000 2019,Amazon Help,85741735,1.1776593314095636e+18
1177652863755051009,"@colleenzeer Bonsoir, nous sommes sinc√®rement d√©sol√©s pour ce souci de livraison, nous vous prions de patienter au plus tard le 2 octobre si vous ne le recevez pas je vous invite √† contacter notre SAV [LIEN] 
^YA",Fri Sep 27 18:34:57 +0000 2019,Amazon Help,85741735,1.1776506717823754e+18
1177913092367437824,"@Ombr6 Bonjour, je vous invite √† cliquer sur l'option ""signaler un abus"" depuis la page de l'article en question au niveau du commentaire, si vous avez un doute par rapport √† sa v√©racit√©. Une √©quipe en charge fera les v√©rifications n√©cessaires afin d'y rem√©dier. ^IC",Sat Sep 28 11:49:00 +0000 2019,Amazon Help,85741735,1.177910488673538e+18
1177884415831236608,"@Emeelinedpt Bonjour, bien sur, vous avez la possibilit√© d'activ√© votre abonnement directement depuis ce lien : [LIEN] ^AC",Sat Sep 28 09:55:03 +0000 2019,Amazon Help,85741735,1.177882872067367e+18
1177861754178678784,"@Leth_Wark Bonjour, apr√®s avoir consult√© la capture d'√©cran, je vois que vous avez demand√© un remboursement de la diff√©rence de prix de l'article achet√©. Si oui, je vous confirme que nous ne proposons pas d‚Äôajustement de prix une fois que votre commande est valid√©e. ^IMR",Sat Sep 28 08:25:00 +0000 2019,Amazon Help,85741735,1.1778583132513649e+18
1177859711103897600,"@giordgi Bonjour,
Je suis sinc√®rement d√©sol√© d'apprendre que vous avez re√ßu uniquement ma jaquette, avez-vous signal√© l'incident aupr√®s de votre SAV 'il vous plait ? ^AR",Sat Sep 28 08:16:53 +0000 2019,Amazon Help,85741735,1.1778535584751084e+18
1178595039213244416,"@Veelgedoe N'ayant pas acc√®s √† votre compte depuis Twitter, est-ce qu'une programmation de la livraison a √©t√© effectu√©e ?
^SS",Mon Sep 30 08:58:49 +0000 2019,Amazon Help,85741735,1.178592763899781e+18
1178592317537697793,"@Veelgedoe Bonjour, je suis d√©sol√©e pour cela. Avez-vous v√©rifi√© la situation de plus pr√®s avec notre service client ? Je vous prie. ^SB",Mon Sep 30 08:48:00 +0000 2019,Amazon Help,85741735,1.1785910117543854e+18
1178591659908616192,"@Veelgedoe Bonjour, je suis sinc√®rement d√©sol√©e pour cela. Pouvez-vous nous indiquer la date de livraison mentionn√©e sur l'email de confirmation‚ÄØ? ^MB",Mon Sep 30 08:45:23 +0000 2019,Amazon Help,85741735,1.1785900108508406e+18
1178641783686868994,"@kinjericho76 Bonjour, nous n'avons pas d'informations pour le moment. Restez connect√© ! ^IM",Mon Sep 30 12:04:33 +0000 2019,Amazon Help,85741735,1.1786399046932644e+18
1178614539526508544,"@Veelgedoe Bonjour, je suis d√©sol√©e pour cela. Avez-vous transmis des informations compl√©mentaires ou des indices permettant au livreur de localiser votre adresse ? ^SB",Mon Sep 30 10:16:18 +0000 2019,Amazon Help,85741735,1.1786122773538775e+18
1178677049042571264,"@Zarklyss Bonjour, je suis navr√©e pour cela. Comme indiqu√© sur le suivi ,le colis a √©t√© redirig√© vers le mauvais centre de tri, avez-vous re√ßu un e-mail dans ce sens je vous prie‚ÄØ? ^MB",Mon Sep 30 14:24:41 +0000 2019,Amazon Help,85741735,1.1786750774345482e+18
1178736815936802821,"@tendoctoris_ Bonjour nous en sommes sinc√®rement navr√©s. Avez-vous signal√© cet incident aupr√®s de note SAV, je vous prie‚ÄØ?
^IC",Mon Sep 30 18:22:11 +0000 2019,Amazon Help,85741735,1.1787348898076303e+18
1178723516306350081,"@gab371 Bonjour, vraiment d√©sol√©e que votre colis ne vous soit pas encore parvenu. L'avez-vous report√© √† notre SAV, je vous prie ?
^CR",Mon Sep 30 17:29:20 +0000 2019,Amazon Help,85741735,1.178720978727293e+18
1178713143163441152,"@0zorah Bonjour, je suis d√©sol√© pour ce d√©sagr√©ment caus√©, est ce que vous avez signal√© le souci √† notre service client ? si oui quelle a √©t√© la r√©ponse fournie ? je vous prie ^KB.",Mon Sep 30 16:48:07 +0000 2019,Amazon Help,85741735,1.1787112173781402e+18
1179024765757067265,"@Lilo_Coockiiies Bonjour, quel est le statut actuel de la commande ? Le colis a-t-il √©t√© exp√©di√© ? ^MH",Tue Oct 01 13:26:24 +0000 2019,Amazon Help,85741735,1.1790236957188137e+18
1178984754705833985,@PrincessSnowFLK Je suis sinc√®rement d√©sol√©e pour le g√™ne occasionn√©e. Sachez que nous en avons connaissance et que nos techniciens travaillent actuellement √† sa r√©solution. Merci pour votre compr√©hension. ^MBE,Tue Oct 01 10:47:24 +0000 2019,Amazon Help,85741735,1.1789840081407058e+18
1178973580048109569,"@BenJ_Q Bonjour, avez-vous re√ßu un e-mail concernant le suivi de votre r√©paration‚ÄØ? ^MB",Tue Oct 01 10:03:00 +0000 2019,Amazon Help,85741735,1.1789715354801193e+18
1178967751685279744,"@AurelienHtcr Bonjour, je suis d√©sol√©e pour la g√™ne occasionn√©e. Pourriez-vous nous pr√©ciser s'il s'agit d'un article exp√©di√© par Amazon ou un vendeur tiers‚ÄØ? Je vous prie. ^HS",Tue Oct 01 09:39:50 +0000 2019,Amazon Help,85741735,1.1789635686932726e+18
1178953951171010561,"@Vachky Je suis navr√© d'apprendre que votre casque ne fonctionne plus, je vous prie de contacter notre SAV pour voir si la r√©paration est propos√© pour cet article via ce lien : [LIEN] . ^MC",Tue Oct 01 08:45:00 +0000 2019,Amazon Help,85741735,1.178952732234965e+18
1179101808834289669,"@julienfabre Bonsoir, je suis d√©sol√©e pour ce d√©sagr√©ment caus√©, il s'agit d'un article vendu par Amazon ou bien par un vendeur tiers ? ^ KO",Tue Oct 01 18:32:32 +0000 2019,Amazon Help,85741735,1.1791000582241526e+18
1179083806151729152,"@matxsk8 Bonjour, je suis d√©sol√©e pour le g√™ne occasionn√©e. Sachez que nous en avons connaissance et que nos techniciens travaillent actuellement √† sa r√©solution. Merci pour votre compr√©hension. ^MC",Tue Oct 01 17:21:00 +0000 2019,Amazon Help,85741735,1.179082258776576e+18
1179083601658437632,"@pascalcanadas Bonjour, pourriez-vous nous expliquer davantage le probl√®me que vous avez, s'il vous pla√Æt‚ÄØ? ^KB",Tue Oct 01 17:20:11 +0000 2019,Amazon Help,85741735,1.1790821368187372e+18
1179065686854967297,"@obrddr Bonjour, je suis d√©sol√©e pour le g√™ne occasionn√©e. Sachez que nous en avons connaissance et que nos techniciens travaillent actuellement √† sa r√©solution. Merci pour votre compr√©hension. ^MC",Tue Oct 01 16:09:00 +0000 2019,Amazon Help,85741735,1.1790639974144164e+18
1179050974637363200,"@BlobiHS Bonjour, je suis d√©sol√© pour le d√©sagr√©ment caus√© par cet incident. Ce contenu est non disponible. En effet, sa date de publication est report√©e pour le moment‚Äã. Merci pour votre compr√©hension.
^OB",Tue Oct 01 15:10:32 +0000 2019,Amazon Help,85741735,1.1790494167722598e+18
1179048070547431429,"@Draumar1 Bonjour, je suis d√©sol√©e pour le d√©sagr√©ment caus√©. Avez-vous essay√© de contacter notre SAV via le lien suivant : [LIEN] ^SB",Tue Oct 01 14:59:00 +0000 2019,Amazon Help,85741735,1.179043380166312e+18
1179044256197103616,"@charlymlfd Bonjour, avez-vous rempli le formulaire pr√©c√©demment communiqu√© par notre service ? ^MH",Tue Oct 01 14:43:50 +0000 2019,Amazon Help,85741735,1.1790431439767183e+18
1179276723130716160,"@nolann_ledc Bonjour, je suis d√©sol√©e pour le d√©sagr√©ment caus√© par cet incident. Ce contenu est non disponible. En effet, sa date de publication est report√©e pour le moment‚Äã. Merci pour votre compr√©hension. ^SB",Wed Oct 02 06:07:35 +0000 2019,Amazon Help,85741735,1.179275204801028e+18
1179147838489538561,"@WTFMDR Bonjour,
Nous n'avons malheureusement pas d'information dans ce sens pour le moment.
^AA",Tue Oct 01 21:35:26 +0000 2019,Amazon Help,85741735,1.1791458382427996e+18
1179121600538583040,"@Aypol_ Bonsoir, comment puis-je vous aider ? ^HB",Tue Oct 01 19:51:11 +0000 2019,Amazon Help,85741735,1.1791194582055526e+18
1179120847765872648,"@Narno Bonsoir, vous pouvez annuler ou modifier vos commandes en ligne, √† condition qu'elles ne soient pas encore pr√™tes √† l'envoi. Pour cela, merci de suivre les √©tapes indiqu√©es √† l'adresse suivante : [LIEN] ^HB",Tue Oct 01 19:48:11 +0000 2019,Amazon Help,85741735,1.1791187029414134e+18
1179115522337787904,"@Alexchbl Bonsoir Alex, 
Nous sommes d√©sol√©s pour le d√©sagr√©ment caus√© par cet incident. Ce contenu est non disponible. En effet, sa date de publication est report√©e pour le moment‚Äã. Merci pour votre compr√©hension.
^CR",Tue Oct 01 19:27:02 +0000 2019,Amazon Help,85741735,1.1791139338751713e+18
1179326404787392512,"@Sev1921 Bonjour, je suis navr√©e d'apprendre cela. Avez-vous contact√© notre SAV par t√©l√©phone ou chat je vous prie?. Avez-vous re√ßu une confirmation par email du remboursement ou du remplacement dont vous avez fait r√©f√©rence?. ^IMR",Wed Oct 02 09:25:00 +0000 2019,Amazon Help,85741735,1.179321787840172e+18
1179377451597778944,@3rwan2LuX Je suis sinc√®rement d√©sol√© pour le d√©sagr√©ment caus√©. Pourriez-vous nous pr√©ciser si vous avez pass√© cette commande sur Amazon FR ou  [LIEN]  je vous prie ? ^HB,Wed Oct 02 12:47:50 +0000 2019,Amazon Help,85741735,1.1793739943714038e+18
1179462426183573505,"@NicolasCatard Bonjour, en effet si la premi√®re tentative a √©chou√©, une deuxi√®me est programm√©e pour le lendemain. Il peut arriver dans de rares cas √† ce que le livreur retente de livrer le m√™me jour. Est-il possible de nous indiquer ce qui est marqu√© sur le suivi du colis en ce moment ? 
^YZ",Wed Oct 02 18:25:30 +0000 2019,Amazon Help,85741735,1.179458561157542e+18
1179721772456972288,"@kiki27476 Bonjour,
Avez-vous signal√© la non-r√©ception de votre cils aupr√®s de notre SAV ? ==AR",Thu Oct 03 11:36:03 +0000 2019,Amazon Help,85741735,1.17971774263262e+18
1179699991423705095,"@CosplayDark Bonjour, je suis d√©sol√©e d'apprendre cela. Avez-vous re√ßu un e-mail dans ce sens, sur lequel on vous demande d'envoyer des documents n√©cessaires pour le bon d√©roulement du process ? ^HEL.",Thu Oct 03 10:09:30 +0000 2019,Amazon Help,85741735,1.179696760912003e+18
1179689421043617793,@Aypol_ Bonjour Paul. Comment pouvons-nous vous aider  ? ^HEL.,Thu Oct 03 09:27:30 +0000 2019,Amazon Help,85741735,1.1794516507606753e+18
1179629357058404353,"@HatsuLPB Bonjour, effectivement , Amazon Logistics est le service de livraison d'Amazon. Les commandes exp√©di√©es via Amazon Logistics porteront la mention ""Livraison par Amazon"". ^MB",Thu Oct 03 05:28:49 +0000 2019,Amazon Help,85741735,1.179626869018235e+18
1179781280646479877,@itsladycee Je suis d√©sol√©e d'apprendre cela. Avez-vous re√ßu un e-mail vous indiquant la d√©marche √† suivre afin de d√©bloquer l'acc√®s √† votre compte ? Je vous prie. ^IM,Thu Oct 03 15:32:31 +0000 2019,Amazon Help,85741735,1.1797769338291978e+18
1179741642233913344,"@shiugy Bonjour , vous pouvez trouver toutes les √©tapes n√©cessaires pour associer ou dissocier vos comptes Amazon et Twitch via le lien qui suit : [LIEN] ^MB",Thu Oct 03 12:55:00 +0000 2019,Amazon Help,85741735,1.1797399533009551e+18
1179735898197516293,"@KurbysS Bonjour, je suis d√©sol√©e de constater la livraison de votre colis qui ne refl√®te en rien la qualit√© de service que nous voulons proposer. Pouvez-vous nous informer du nom du transporteur qui a pris en charge cette livraison je vous prie?. ^IMR",Thu Oct 03 12:32:11 +0000 2019,Amazon Help,85741735,1.1797350099110666e+18
1179994954204172289,"@Ka_raDoc Bonjour, je suis d√©sol√©e d'apprendre cela, l'avez-vous signal√© √† notre service client ?
^SS",Fri Oct 04 05:41:34 +0000 2019,Amazon Help,85741735,1.179993926792618e+18
1179891219037609984,"@alexdid29 Bonjour, nous sommes d√©sol√©s que vous ayez des probl√®mes √† passer votre commande ! Avez-vous re√ßu un e-mail de notre sp√©cialiste de compte vous indiquant les √©tapes √† suivre pour d√©bloquer compte ? ^ST",Thu Oct 03 22:49:22 +0000 2019,Amazon Help,85741735,1.1798887020316467e+18
1179885996705550336,"@mounss935 Bonjour, Avez-vous un souci avec une commande en cours s'il vous plait ?^HE.",Thu Oct 03 22:28:37 +0000 2019,Amazon Help,85741735,1.1798832870676603e+18
1180107706599985154,"@pax_gr Vous m'en voyez navr√© ! Avez-vous signal√© cet incident √† notre sav, je vous prie ?
^OB",Fri Oct 04 13:09:37 +0000 2019,Amazon Help,85741735,1.1801059409950556e+18
1180105940454051840,"@pax_gr Bonjour, je suis d√©sol√© pour le d√©sagr√©ment caus√© :\ Je vous invite √† en fait part √† notre SAV [LIEN] afin de v√©rifier cela de plus pr√®s et vous proposer une solution ? ^MH",Fri Oct 04 13:02:36 +0000 2019,Amazon Help,85741735,1.1801049536936591e+18
1180100622533697536,"@Coldorak Bonjour, je suis d√©sol√©e pour ce d√©sagr√©ment caus√©, avez-vous signal√© cela aupr√®s de notre SAV ? ^ KO",Fri Oct 04 12:41:28 +0000 2019,Amazon Help,85741735,1.1800988942540063e+18
1180388152592277504,"@bergeron_bb Bonjour, je suis navr√©e pour la g√™ne occasionn√©e. Avez-vous signal√© cet incident √† notre SAV je vous prie?. ^IMR",Sat Oct 05 07:44:00 +0000 2019,Amazon Help,85741735,1.1803867594205798e+18
1180191857457926152,"@Cidou10 Bonjour, avez-vous un probl√®me r√©current de livraison ? En avez-vous fait part √† notre SAV ? ^MH",Fri Oct 04 18:44:00 +0000 2019,Amazon Help,85741735,1.180189900433498e+18
1180450428724682752,"@Ka_raDoc Bonjour, navr√©e pour la confusion, pouvez-vous nous indiquer le statut de votre livraison je vous prie‚ÄØ? ^MB",Sat Oct 05 11:51:28 +0000 2019,Amazon Help,85741735,1.1804462946215117e+18
1180427410006839296,"@GrosSacDeRoro Bonjour, je suis navr√©e pour la g√™ne occasionn√©e. La commande est exp√©di√©e par Amazon ou un vendeur tiers?. Si par Amazon, que dit le suivi du colis √† l'heure actuelle je vous prie?. ^IMR",Sat Oct 05 10:20:00 +0000 2019,Amazon Help,85741735,1.1804267716337705e+18
1180413065424248832,"@zilfre Bonjour, je suis d√©sol√©e d'apprendre cela, je vous prie de le signal√© √† notre service client via le lien suivant : [LIEN]
^SS",Sat Oct 05 09:23:00 +0000 2019,Amazon Help,85741735,1.1804105908099973e+18
1180823931390959617,"@ZazaLaVilaine Bonjour, je suis d√©sol√© d'apprendre que votre commande n'a pas √©t√© livr√© compl√®tement, est-ce que les articles manquants ont √©t√© exp√©di√©s ou pas encore ? ^AC",Sun Oct 06 12:35:38 +0000 2019,Amazon Help,85741735,1.1808220038692045e+18
1180755800194764800,"@ValleeMatheo Je suis d√©sol√©e que votre Kindle ne fonctionne plus correctement. Afin que nous puissions mieux vous assister, je vous prie de signaler ce souci √† notre SAV. Nos agents seront en mesure d'y rem√©dier. [LIEN] ^MBE",Sun Oct 06 08:04:54 +0000 2019,Amazon Help,85741735,1.180753003013378e+18
1181143499095384066,"@betheocean_ Bonjour, navr√©e pour cela. S'agit-il d'un colis exp√©di√© par Amazon ou un vendeur tiers je vous prie‚ÄØ? ^MB",Mon Oct 07 09:45:29 +0000 2019,Amazon Help,85741735,1.1811421384883323e+18
1181114313051906048,"@DurmordAndre Bonjour, je suis sinc√®rement navr√©e d'apprendre cela. S'agit-il d'un colis exp√©di√© par Amazon ou un vendeur tiers‚ÄØ? Pourriez-vous nous pr√©ciser le nom du transporteur ayant pris en charge la livraison de votre commande‚ÄØ? Je vous prie. ^HS",Mon Oct 07 07:49:30 +0000 2019,Amazon Help,85741735,1.1811128400878838e+18
1181244280523939840,"@AcaciaMiss Bonjour, je voudrai v√©rifier votre dossier de plus pr√®s, je vous invite √† remplir le formulaire ci-dessous afin qu'on puisse avoir l'acc√®s √† votre compte. Merci d'indiquer l'ensemble des √©l√©ments relatifs √† la commande concern√©e.
[LIEN].
^IC",Mon Oct 07 16:25:57 +0000 2019,Amazon Help,85741735,1.1812424520758313e+18
1181243373979656193,"@ThemisKoan Bonjour, je suis d√©sol√© pour ce d√©sagr√©ment caus√©, est ce que vous avez signal√© le souci √† notre service client ? je vous prie ^KB.",Mon Oct 07 16:22:21 +0000 2019,Amazon Help,85741735,1.1812424921691382e+18
1181232168091230208,"@Knackyboule Bonjour, quelle est la date de livraison garantie que vous avez sur l'email de confirmation je vous prie‚ÄØ? ^MB",Mon Oct 07 15:37:49 +0000 2019,Amazon Help,85741735,1.181231340643111e+18
1181227433875390464,"@Skysurfeur Nous ferons de notre mieux afin d'√™tre √† la hauteur de vos attentes ü§û 
Merci pour l'int√©r√™t que vous portez √† notre site üíõ 
^AA",Mon Oct 07 15:19:01 +0000 2019,Amazon Help,85741735,1.181226461316944e+18
1181289210705260544,"@VerozAlex Bonsoir,
Je suis sinc√®rement d√©sol√©e pour la g√™ne occasionn√©e par ce probl√®me, avez-vous v√©rifi√© aupr√®s de votre voisinage/gardien, je vous prie ?
^AA",Mon Oct 07 19:24:29 +0000 2019,Amazon Help,85741735,1.1812880677322465e+18
1181491924454313984,"@PDG_CEO_JUWAL Bonjour, navr√©e d'apprendre cela. Pourriez-vous nous pr√©ciser s'il s'agit d'un colis exp√©di√© par Amazon ou un vendeur tiers‚ÄØ? Je vous prie. ^HS",Tue Oct 08 08:50:00 +0000 2019,Amazon Help,85741735,1.1814904730238075e+18
1181483261077401600,"@nenesh_BK Bonjour, pouvez-vous nous expliquer davantage la situation je vous prie‚ÄØ? ^MB",Tue Oct 08 08:15:34 +0000 2019,Amazon Help,85741735,1.1814825748179558e+18
1181621670588628994,"@Shinseiki555 Bonjour,
Pourriez-vous nous expliquer davantage le probl√®me ? Est-ce par rapport aux articles "" panier plus"" ?
^AA",Tue Oct 08 17:25:34 +0000 2019,Amazon Help,85741735,1.1816204609387602e+18
1181617373541011457,"@Tolugolade Bonjour, nous en sommes sinc√®rement navr√©s. Pourriez-vous, je vous prie, me confirmer que vous avez pu r√©cup√©rer votre colis et aussi nous indiquer le nom du transporteur qui a pris en charge la livraison afin de remonter la situation‚ÄØ? 
^IC",Tue Oct 08 17:08:29 +0000 2019,Amazon Help,85741735,1.1816140829040026e+18
1181583528020066304,"@Paingout Je veux bien m'occuper de votre dossier personnellement, pour cela je vous prie de remplir ce formulaire via un PC, tout en indiquant le lien vers le post repr√©sentant notre √©change s‚Äôil vous pla√Æt : [LIEN] ^MB",Tue Oct 08 14:54:00 +0000 2019,Amazon Help,85741735,1.1815827174414664e+18
1181570595034730496,"@UsSasuke34 Bonjour, je suis d√©sol√© pour les incidents rencontr√©s. Si le souci a √©t√© remont√© √† notre SAV le service concern√© en sera notifi√© afin que le n√©cessaire soit fait. Si un bon de r√©duction vous a √©t√© accord√© il sera appliqu√© automatiquement √† la commande √©ligible. ^MH",Tue Oct 08 14:02:37 +0000 2019,Amazon Help,85741735,1.181569570823377e+18
1181661550219862017,"@JessicaMullier Je suis d√©sol√© de la mani√®re dont la livraison de votre colis s'est d√©roul√©e. Pourriez-vous nous pr√©ciser le nom du transport, s'il vous pla√Æt ? ^HB",Tue Oct 08 20:04:02 +0000 2019,Amazon Help,85741735,1.1816571165636403e+18
1181644823545221127,"@aliaslu Bonjour, est-ce que votre copain a effectu√© des recherches aupr√®s de son entourage ? 
Si c'est le cas et il n'a rien trouv√©, il faut qu'il contacte notre SAV afin qu'une enqu√™te soit ouverte afin de retrouver son colis.
^CR",Tue Oct 08 18:57:34 +0000 2019,Amazon Help,85741735,1.1816421249635164e+18
1181625426407514114,"@kingjulie_ Bonjour, vous m'en voyez navr√©e. Cela ne refl√®te en rien la qualit√© de service que nous souhaitons offrir √† nos clients. Pouvez-vous nous communiquer le nom de transporteur ayant pris en charge la livraison de votre colis, je vous prie ?
^CR",Tue Oct 08 17:40:29 +0000 2019,Amazon Help,85741735,1.181623693019095e+18
1181998191014756353,"@iRayFox Bonjour, il faut savoir qu'un remboursement peut prendre un d√©lai de 5 √† 7 jours ouvr√©s avant d'apparaitre sur votre relev√© bancaire. Toutefois, avez-vous pris contact avec notre SAV √† ce propos‚ÄØ? Si oui, quelle a √©t√© la r√©ponse fournie, je vous prie‚ÄØ? 
^IC",Wed Oct 09 18:21:43 +0000 2019,Amazon Help,85741735,1.1819950912647086e+18
1181976490440835075,"@kwik92 Bonsoir,
Lorsque vous annulez une commande, aucun pr√©l√®vement n'est effectu√©.
Pourriez-vous v√©rifier si le montant de la commande a √©t√© d√©bit√©, je vous prie ?
^AA",Wed Oct 09 16:55:30 +0000 2019,Amazon Help,85741735,1.1819737946778378e+18
1181917108894130176,"@Perline_ Bonjour, je suis navr√©e d'apprendre cela. N'ayant pas acc√®s √† votre compte, je vous informe que notre SAV est mieux placer pour √† la fois v√©rifier et r√©pondre √† votre demande. Vous pouvez les joindre via le lien : [LIEN]. ^IMR",Wed Oct 09 12:59:32 +0000 2019,Amazon Help,85741735,1.1819142031264727e+18
1181901796580773889,"@br_steph Bonjour St√©phane, d√©sol√©e d'apprendre que vous rencontrez des difficult√©s.
Petite question, les deux articles √©taient suppos√© √™tre livr√© dans le m√™me carton ? Vous aviez un seul num√©ro de suivi ?

^KG",Wed Oct 09 11:58:41 +0000 2019,Amazon Help,85741735,1.1818998355632988e+18
1181890301679591424,"@Klavikule Bonjour, je suis d√©sol√©e d'apprendre cela, n'ayant pas acc√®s √† votre compte depuis Twitter, vous pouvez joindre notre service client via le lien suivant : [LIEN]
^SS",Wed Oct 09 11:13:01 +0000 2019,Amazon Help,85741735,1.181888556815528e+18
1181883623747788801,@MsHighHighHeels Bonjour. Pouvez-vous nous expliquer davantage le souci rencontr√© ? ^HEL.,Wed Oct 09 10:46:28 +0000 2019,Amazon Help,85741735,1.181882988554064e+18
1182012857375965184,"@keybladers Bonsoir, d√©sol√©e de l'apprendre. Avez-vous effectu√© des recherches aupr√®s de votre voisinage, je vous prie ?
^CR",Wed Oct 09 19:20:00 +0000 2019,Amazon Help,85741735,1.182011126978093e+18
