date,favorite_cnt,id,reply_to_id,retweet_cnt,text,user,user_id
Thu Sep 26 17:57:02 +0000 2019,,1177280936020512770,1177280364139745282,,@Thy_balt T H Y B A L T  ?? Merci de nous donner votre num√©ro de commande afin de v√©rifier ce qu'il s'est pass√©,AUCHAN,87701473
Thu Sep 26 13:54:14 +0000 2019,,1177219833936711681,1177212512762245120,,"@SRebloche Bonjour Sheldon, j'ai appris que le jeu est disponible dans les rayons üéâüéÆ Je n'ai cependant pas de visuels sur les stocks des magasins, il sera n√©cessaire de vous rapprocher de votre Auchan habituel pour vous informer des disponibilit√©s üòâ Romain, √† votre √©coute",AUCHAN,87701473
Thu Sep 26 07:52:23 +0000 2019,,1177128768789524480,1176909387052531717,,"@Batlizka Bonjour, merci pour votre alerte. Afin de se rapprocher du service consommateurs, merci de me transmettre en DM : date et lieu d'achat, intitul√© exact du produit, son code barre, N¬∞ de lot, DLC et pastille sanitaire (8 chiffres dans un ovale) + votre N¬∞ de carte Waaoh svp. Romain",AUCHAN,87701473
Wed Sep 25 13:18:59 +0000 2019,,1176848573624987650,1176845082722541568,,"@SuperHisoka Hello, il va encore falloir patienter un peu ! Aux derni√®res nouvelles, la sortie est toujours pr√©vue au 27/09 üòâ Romain, √† votre √©coute",AUCHAN,87701473
Wed Sep 25 13:16:54 +0000 2019,,1176848051127889922,1176833921985712131,,"@Ioussaille Bonjour Lucie, nos informaticiens ont mis le doigt sur un incident informatique et sont sur le pont pour le corriger au plus vite. Merci pour votre patience ! Romain, √† votre √©coute",AUCHAN,87701473
Wed Sep 25 09:22:53 +0000 2019,,1176789155570966529,1176486925177372672,,"@emin_qlf Bonjour Mohaa, aux derni√®res nouvelles Fifa 20 sort pas avant vendredi. Je vous invite √† patienter encore un peu le lancement officiel du jeu ! De plus, je n'aurais pas de visuel sur les stocks magasin, il vous faudra contacter mes coll√®gues en rayon üòâ Romain, √† votre √©coute",AUCHAN,87701473
Wed Sep 25 08:55:30 +0000 2019,,1176782268003758080,1176760917729652736,,"@BaronNwar Hello üëã J'ai effectivement tard√© √† vous r√©pondre, excusez-moi. Merci de consulter vos DM, une r√©ponse vous attend üòâ Romain, √† votre √©coute",AUCHAN,87701473
Tue Sep 24 07:47:16 +0000 2019,,1176402706799484928,1176393165806419968,,"@thomatoketchup1 Bonjour Raymond, vous pouvez effectivement profiter de notre foire aux vins sur notre site Internet ! Je vous invite √† faire votre s√©lection via ce lien [LIEN], plusieurs solutions de livraison vous seront propos√©es üòÉ Romain, √† votre √©coute",AUCHAN,87701473
Tue Sep 24 07:26:05 +0000 2019,,1176397375562289152,1176184343401762823,,"@ennzhed @HypergamesA Bonjour NZ, je suis d√©sol√© de vous lire üòî Pouvez-vous me retrouver en DM avec votre n¬∞ de commande svp ? Romain, √† votre √©coute",AUCHAN,87701473
Tue Sep 24 07:05:45 +0000 2019,,1176392259354411009,1176154938256183296,,"@LyneObsessions Bonjour Lyne, j'entends votre m√©contentement et j'en suis navr√© üòî N'h√©sitez pas √† me rejoindre en DM avec votre num√©ro de commande, je suis enti√®rement disponible. Romain, √† votre √©coute",AUCHAN,87701473
Mon Sep 23 12:55:39 +0000 2019,,1176117926828621825,1175549041947623424,,"@NadineFoch @GroupeCarrefour @Monoprix @Issylesmoul Bonjour Nadine, merci pour votre remont√©e. Apr√®s recherche, mes coll√®gues d'Auchan Issy les Moulineaux m'informent que cette pizza est disponible dans nos cong√©lateurs ! Je vous partage la photo qu'on m'a transmis. A bient√¥t j'esp√®re üòâ Romain, √† votre √©coute [LIEN]",AUCHAN,87701473
Mon Sep 23 12:25:31 +0000 2019,,1176110341157265408,1174775210580557824,,"@EtresSentients @Groupe_Casino @GroupeCarrefour @Leclerc @intermarche Bonjour, Auchan Retail France a annonc√© ses engagements en terme de bien-√™tre animal √† travers sa politique ""Bien-√™tre animal"". Suivie dans le temps, √©volutive, elle a √©t√© co-construite entre la Direction Qualit√© et la Direction RSE, accompagn√©s de l'ONG CIWF. (1/2)",AUCHAN,87701473
Mon Sep 23 10:13:57 +0000 2019,,1176077233162727424,1176062126345084928,,"@Kriss98000 Bonjour Kriss. Effectivement, il ne doit pas s'agir d'un de nos magasins ! Je reste √† votre disposition si besoin. Romain, √† votre √©coute",AUCHAN,87701473
Mon Sep 23 09:00:02 +0000 2019,,1176058630191366144,1175691859173265409,,"@RodRickC137 Bonjour Rick, merci de nous solliciter. Afin de remonter votre message √† nos √©quipes, pouvez-vous me pr√©ciser votre magasin habituel s'il vous pla√Æt ? üòÉ Romain, √† votre √©coute",AUCHAN,87701473
Mon Sep 23 08:33:24 +0000 2019,,1176051928725368839,1175454774214504454,,"@Aurorbe @NIVEAFr Bonjour Aurore, un grand merci pour votre alerte ! Pouvez-vous me pr√©ciser le magasin visit√© s'il vous pla√Æt ? J'aimerais transmettre votre tweet √† nos √©quipes. Romain, √† votre √©coute",AUCHAN,87701473
Mon Sep 23 08:32:11 +0000 2019,,1176051621652062208,1175453862611836939,,"@will_suisse Bonjour Will, le message pr√©c√©dent √©tait automatique. Afin de se rapprocher du service consommateur, merci de m'indiquer en DM : date et lieu d'achat, intitul√© exact du produit, code barre, DLC et N¬∞ de lot + votre num√©ro de carte Waaoh svp. Romain, √† votre √©coute",AUCHAN,87701473
Mon Sep 23 08:25:21 +0000 2019,,1176049902553575424,1175406085160808449,,"@Delirium_Trmns Bonjour Cha, merci pour votre remont√©e, j'entends votre position. Pouvez-vous me transmettre l'adresse mail li√©e √† votre compte en DM s'il vous pla√Æt ? J'aimerais partager votre t√©moignage √† mes coll√®gues. Romain, √† votre √©coute",AUCHAN,87701473
Mon Sep 23 08:21:58 +0000 2019,,1176049050690498561,1175357078296309760,,"@mameblair Bonjour, merci pour votre alerte. Afin de se rapprocher du service consommateurs, merci de m'indiquer en DM : date et lieu d'achat, code barre, DLC, N¬∞ de lot et pastille sanitaire (8 chiffres dans 1 ovale) + votre N¬∞ de carte Waaoh s'il vous pla√Æt. Romain, √† votre √©coute",AUCHAN,87701473
Mon Sep 23 08:12:02 +0000 2019,,1176046549790580737,1175132454287532033,,"@jeremy6491 @urw_group Hello J√©r√©my, j'ai bien pris connaissance de vos DM que je viens de partager aux √©quipes du magasin üòÉ Merci pour votre remont√©e ! Romain, √† votre √©coute",AUCHAN,87701473
Sun Sep 22 17:50:04 +0000 2019,,1175829631527731201,1175828103509270529,,@JuLienPll JuL!ÔøΩn ?? Merci de nous donner votre num√©ro de commande afin de v√©rifier ce qu'il s'est pass√©,AUCHAN,87701473
Sat Sep 21 17:25:21 +0000 2019,,1175461021810642946,1175453862611836939,,"@will_suisse YAMI TOMIOKA Je vous pr√©sente mes sinc√®res excuses. Afin que la team R√©seaux Sociaux revienne vers vous, pouvez-vous m‚Äôindiquer le num√©ro de lot sur l‚Äôemballage, la date limite de consommation, le code barre ainsi que la date et le lieu d‚Äôachat.&lt;br /&gt;Merci pour votre",AUCHAN,87701473
Sat Sep 21 14:06:33 +0000 2019,,1175410995226955776,1175408219105189890,,@Muse255 B. Rzwski Merci de nous donner votre num√©ro de commande afin de v√©rifier ce qu'il s'est pass√©,AUCHAN,87701473
Fri Sep 20 12:50:12 +0000 2019,,1175029391950274560,1175001629478854656,,"@R1Dourno Bonjour Dourno, j'en suis sinc√®rement d√©sol√©. N'h√©sitez pas √† me retrouver en DM avec votre num√©ro de commande si vous souhaitez faire le point sur l'acheminement :-) Romain, √† votre √©coute",AUCHAN,87701473
Thu Sep 19 12:33:13 +0000 2019,,1174662730583855104,1174612706139213824,,"@Mushggle @AuchanDirect Bonjour üòÉ Nous allons regarder cela ensemble. Pouvez-vous me transmettre en DM, votre num√©ro de carte ou de compte Waaoh ainsi que vos nom, pr√©nom et adresse mail s'il vous pla√Æt ? Romain, √† votre √©coute",AUCHAN,87701473
Thu Sep 19 12:32:01 +0000 2019,,1174662428208062464,1174612514023325696,,"@31Yoann13 Bonjour Yoann, j'entends bien vos remarques et vous remercie de nous les partager ! Afin de les remonter √† notre service qualit√© pour les recenser, pouvez-vous me transmettre le code barre de ce produit svp ? üòÉ Merci d'avance. Romain, √† votre √©coute",AUCHAN,87701473
Thu Sep 19 12:21:38 +0000 2019,,1174659812770140160,1174315904647258112,,"@ArmeeduSalut @CarrefourFrance @intermarche @casino_super @Monoprix @Leclerc @lidlfrance @ULesCommercants Bonjour, chez Auchan nous agissons contre le gaspillage alimentaire de diff√©rentes fa√ßons : dons aux banques alimentaires, paniers anti-gaspi avec la plateforme Too Good To Go... (1/2)",AUCHAN,87701473
Thu Sep 19 07:24:59 +0000 2019,,1174585158969778177,1174383405166936064,,"@oBrunet_TSMF @CarrefourFrance @picardsurgeles Bonjour Olivier, merci pour votre message, je suis d√©sol√© de ce d√©sagr√©ment. Afin de faire un rappel √† la soci√©t√© charg√©e de distribuer nos tracts, merci de me pr√©ciser votre adresse et nom du Auchan le plus proche en DM s'il vous pla√Æt. Romain, √† votre √©coute",AUCHAN,87701473
Thu Sep 19 07:23:44 +0000 2019,,1174584846800302080,1174376608507006976,,"@gundo67 @Dauvers70 Bonjour, il s'agit d'un grand cru ! üòú Merci pour votre remont√©e, Gundo. Afin de corriger cela, pouvez-vous me pr√©ciser sur quel Drive √™tes-vous connect√© svp ? Romain, √† votre √©coute",AUCHAN,87701473
Thu Sep 19 07:19:43 +0000 2019,,1174583833255120896,1174368487986356224,,"@optixpro62 Bonjour, je suis d√©sol√© de cette situation. Il est vrai que la garantie ne couvre pas la casse. H√©las, √† mon niveau, je ne peux que vous inviter √† vous rapprocher du SAV. Merci de votre compr√©hension. Romain, √† votre √©coute",AUCHAN,87701473
Wed Sep 18 15:18:16 +0000 2019,,1174341876943642625,1174268592491290624,,"@Hyoann_jones @leroymerlinfr @Decathlon @boulanger @bricodepot @lidlfrance Bonjour, merci pour cette remont√©e. Afin de faire un rappel √† la soci√©t√© charg√©e de distribuer nos tracts, merci de me pr√©ciser votre adresse et le nom du magasin Auchan le plus proche s'il vous pla√Æt. Romain, √† votre √©coute",AUCHAN,87701473
Wed Sep 18 08:56:39 +0000 2019,,1174245839071563971,1174228009836003328,,"@TechnoPascal Bonjour Pascal, merci pour votre alerte ! Je fais suivre votre tweet de suite aux services concern√©s. Romain, √† votre √©coute",AUCHAN,87701473
Wed Sep 18 08:12:12 +0000 2019,,1174234654758625280,1173997470134820865,,"@JulieSailing Bonjour Julie, en effet votre produit devrait arriver le 20/09 comme indiqu√© üòÉ N'h√©sitez pas √† me retrouver en DM avec votre num√©ro si besoin de faire le point. Romain, √† votre √©coute",AUCHAN,87701473
Wed Sep 18 07:52:57 +0000 2019,,1174229809175715841,1174015294827835395,,"@Sha_Mtl Bonjour Stephou, merci pour votre alerte. Pouvez-vous m'indiquer en DM vos coordonn√©es de contact (nom, pr√©nom, t√©l√©phone) ainsi que le nom du magasin d'achat s'il vous pla√Æt ? J'aimerais vous mettre en relation avec nos √©quipes. Romain, √† votre √©coute",AUCHAN,87701473
Mon Sep 30 08:32:04 +0000 2019,,1178588306579349504,1178561365763661824,,"@une_redactrice Bonjour Marie, je vous invite √† consulter vos DM s'il vous pla√Æt, j'ai r√©pondu tardivement √† votre message. Romain, √† votre √©coute",AUCHAN,87701473
Mon Sep 30 10:56:40 +0000 2019,,1178624699179376643,1178286966338658304,,"@PBenoit72 @beinsports_FR Bonjour Beno√Æt, s'agissant d'un achat r√©alis√© en magasin, je ne peux que vous inviter √† vous rapprocher des √©quipes sur place directement s'il vous pla√Æt üòÉ Merci de votre compr√©hension. Romain, √† votre √©coute",AUCHAN,87701473
Mon Sep 30 10:42:01 +0000 2019,,1178621011199221760,1177847393502601217,,"@Veri_ouelle Bonjour, merci pour vos remarques ! Si vous disposez d'un stop sur votre bo√Æte aux lettres non respect√©, merci de m'indiquer vos coordonn√©es postales et le nom du magasin Auchan le plus proche en DM s'il vous pla√Æt. Romain, √† votre √©coute",AUCHAN,87701473
Mon Sep 30 10:37:54 +0000 2019,,1178619975139053568,1177679221721894918,,"@C4MSOU @benandjerrys Bonjour, je suis d√©sol√© de cette m√©saventure üòû Afin que le n√©cessaire soit fait, merci de me pr√©ciser votre num√©ro de commande ou adresse mail associ√©e en DM s'il vous pla√Æt. Romain, √† votre √©coute",AUCHAN,87701473
Mon Sep 30 10:11:11 +0000 2019,,1178613250658836480,1177589222993252354,,"@thomaslcz Bonjour Thomas, je suis navr√© de cette situation. En raison de l'incident r√©seau, je suis dans l'incapacit√© d'acc√©der √† votre dossier. N'h√©sitez pas √† solliciter votre point de retrait pour vous assurer de la disponibilit√© de votre colis. Merci de votre compr√©hension. Romain",AUCHAN,87701473
Mon Sep 30 10:09:18 +0000 2019,,1178612779168731136,1177874526534803456,,"@GBourdilleau Bonjour Ghislain, merci pour votre remont√©e. Afin d'alerter notre service produits, merci de m'indiquer le Drive sur lequel vous √™tes connect√© s'il vous pla√Æt. Romain, √† votre √©coute",AUCHAN,87701473
Mon Sep 30 09:35:13 +0000 2019,,1178604201896812544,1177648893225508868,,"@ImbertSandrine4 @auchanvillars @SonyPlay5tation @WarnerBrosGamez Bonjour Sandrine, merci pour votre remont√©e. Pouvez-vous me transmettre vos coordonn√©es de contact (nom, pr√©nom, t√©l√©phone) en DM s'il vous pla√Æt ? J'aimerais transmettre votre t√©moignage aux √©quipes du magasin. Romain, √† votre √©coute",AUCHAN,87701473
Mon Sep 30 09:10:04 +0000 2019,,1178597870276153345,1178246083388018690,,"@aleix_lyon @Leffe Bonjour Alex, merci pour votre alerte. Afin de se rapprocher du service consommateurs, merci de me pr√©ciser en DM : date et lieu d'achat, code barre, DLC et N¬∞ de lot ainsi que votre N¬∞ de carte Waaoh svp. Romain, √† votre √©coute",AUCHAN,87701473
Mon Sep 30 09:06:57 +0000 2019,,1178597088231399424,1178269979633967104,,"@s_bouclier Bonjour St√©phane, merci pour votre alerte ! En avez-vous fait part √† nos √©quipes en magasin svp ? Si non, merci de me pr√©ciser le Auchan fr√©quent√© svp. Romain, √† votre √©coute",AUCHAN,87701473
Tue Oct 01 13:41:53 +0000 2019,,1179028662185803777,1178973906708963329,,"@CColinCleary Bonjour Colin, merci pour votre alerte. Pouvez-vous m'indiquer en DM : code barre, DLC, N¬∞ de lot et pastille sanitaire (les 8 chiffres not√©s dans l'ovale √† gauche sur la bouteille de votre photo) s'il vous pla√Æt ? J'aimerais alerter le service concern√© :-) Romain",AUCHAN,87701473
Tue Oct 01 13:29:53 +0000 2019,,1179025645856329734,1178953578913959938,,"@DocteurMller Bonjour, nous subissons effectivement un incident r√©seau depuis quelques jours. Sachez que nos √©quipes sont mobilis√©es, en lien avec notre fournisseur d'acc√®s √† Internet, pour corriger efficacement ces d√©sagr√©ments. Merci de votre compr√©hension. Romain, √† votre √©coute",AUCHAN,87701473
Tue Oct 01 10:53:23 +0000 2019,,1178986259869573126,1178754489714724867,,"@EmBabysitter @AuchanBagnolet Bonjour Emilie, merci pour votre alerte ! Pouvez-vous me rejoindre en DM avec vos coordonn√©es de contact (nom, pr√©nom, t√©l√©phone) svp ? J'aimerais transmettre √† nos √©quipes afin que vous soyez recontact√©e. Romain, √† votre √©coute",AUCHAN,87701473
Tue Oct 01 10:42:34 +0000 2019,,1178983537044852737,1178675421870804998,,"@cdigital13 Bonjour C√©dric, effectivement nous rencontrons des dysfonctionnements r√©seau en cours de r√©solution sur nos sites et applications. Ce matin, Auchan Drive reprend du service ! Vous devriez pouvoir commander sans encombre. Merci de votre compr√©hension. Romain, √† votre √©coute",AUCHAN,87701473
Tue Oct 01 15:02:07 +0000 2019,,1179048855754723328,1179033665491193856,,"@UnicornBiatch Hello Kivin, Auchan Drive a repris du service ce matin, vous pouvez √† nouveau faire vos courses en ligne üòÉ Merci pour cette pens√©e motivante ! A bient√¥t sur nos quais üòä Romain, √† votre √©coute",AUCHAN,87701473
Wed Oct 02 11:31:04 +0000 2019,,1179358132709003265,1179348674469679104,,"@Skyseb @pepsi @pepsicofrance @AuchanVelizy2 @urw_group Bonjour S√©bastien, merci pour votre alerte. Afin de transmettre aux √©quipes du magasin pour que vous soyez recontact√©, merci de me pr√©ciser vos coordonn√©es de contact en DM s'il vous pla√Æt. Romain, √† votre √©coute",AUCHAN,87701473
Wed Oct 02 11:26:43 +0000 2019,,1179357037412659201,1179327111758319616,,"@AriainaOceane Bonjour, merci pour cette alerte. Afin de se rapprocher du service consommateurs, merci de m'indiquer en DM : date et lieu d'achat, code barre, DLC, N¬∞ de lot et pastille sanitaire (8 chiffres dans un ovale) et votre N¬∞ de carte Waaoh svp. Romain, √† votre √©coute",AUCHAN,87701473
Wed Oct 02 11:21:16 +0000 2019,,1179355665590042630,1179313126174539778,,"@SamuelCollin2 @NorautoFr @Valeo_Group Bonjour Samuel, merci pour votre remont√©e. Vous me parlez d'un produit vendu chez Auchan ou chez nos cousins @NorautoFR ? Pouvez-vous me pr√©ciser tout cela en DM svp ? üòÉ Romain, √† votre √©coute",AUCHAN,87701473
Wed Oct 02 13:20:18 +0000 2019,,1179385620973674505,1179128417796669440,,"@fab_59 Bonjour Fab, notre site est effectivement toujours en maintenance, mais sachez que nos √©quipes sont mobilis√©es. Les collaborateurs Auchan sont soumis aux m√™mes conditions que nos clients pour b√©n√©ficier des op√©rations commerciales. Romain, √† votre √©coute",AUCHAN,87701473
Wed Oct 02 13:17:24 +0000 2019,,1179384888971190272,1179343898746994688,,"@p_parigo Bonjour Rominet, vous vous doutez bien que ce joli monsieur est un mannequin (oups, d√©masqu√© !) üòú Sachez que tous les collaborateurs Auchan sont l√† pour vous. N'h√©sitez pas √† nous solliciter en DM :-) Romain, √† votre √©coute",AUCHAN,87701473
Wed Oct 02 18:12:43 +0000 2019,,1179459210481942528,1179083058642898948,,"@p_sim0n Bonsoir Paul, notre site est de nouveau disponible. Merci pour votre patience ! Belle soir√©e √† vous. L'√©quipe r√©seaux sociaux",AUCHAN,87701473
Wed Oct 02 18:07:38 +0000 2019,,1179457929172389888,1179440513994371072,,"@esorelleag Bonsoir Ga√´lle, bonne nouvelle, notre site est de nouveau disponible. Merci pour votre patience ! Belle soir√©e √† vous. L'√©quipe r√©seaux sociaux",AUCHAN,87701473
Thu Oct 03 13:54:26 +0000 2019,,1179756597821804549,1179637877178798080,,"@olivier_frey @connecting_food Bonjour Olivier, merci pour votre remont√©e. Comptez sur moi pour transmettre votre tweet √† nos √©quipes d√©di√©es. Romain, √† votre √©coute",AUCHAN,87701473
Thu Oct 03 13:17:59 +0000 2019,,1179747427319984128,1179440513994371072,,"@esorelleag Hello Ga√´lle, malgr√© la maintenance du site [LIEN], l'√©quipe r√©seaux sociaux d'Auchan rest√©e √† votre disposition ! N'h√©sitez pas √† me solliciter en DM si besoin :-) Romain, √† votre √©coute",AUCHAN,87701473
Fri Oct 04 09:42:25 +0000 2019,,1180055564707094528,1179810035536412672,,"@AgoosMassarini par notre responsable, je vous invite √† me laisser vos coordonn√©es en DM s'il vous pla√Æt. Romain, √† votre √©coute",AUCHAN,87701473
Fri Oct 04 09:42:18 +0000 2019,,1180055534420008960,1179810035536412672,,"@AgoosMassarini Bonjour, merci pour votre remont√©e. Ce magasin dispose d'un contrat de d√©ratisation hebdomadaire et a bien pris conscience de cette situation. Nos √©quipes vont intensifier leurs efforts sur ce rayon. Si vous souhaitez √™tre recontact√©e -",AUCHAN,87701473
Fri Oct 04 08:40:00 +0000 2019,,1180039856128438277,1179818543417888771,,"@JordanLeGoic Bonjour Jordan, merci pour vos remarques. Comptez sur moi pour les remonter au service d√©di√© üòâ Romain, √† votre √©coute",AUCHAN,87701473
Fri Oct 04 08:11:18 +0000 2019,,1180032632488366080,1179791308921155584,,"@BeBraveMonster @TETUmag Bonjour, merci pour votre remont√©e. Je vous invite √† me pr√©ciser le magasin fr√©quent√© afin de partager votre t√©moignage √† nos √©quipes sur place svp üòÉ Romain, √† votre √©coute",AUCHAN,87701473
Fri Oct 04 13:07:22 +0000 2019,,1180107141199400961,1180098441923436544,,"@arnaudas55 Bonjour Arnaud, merci pour ce tweet. Avez-vous consult√© vos spams ? Il est possible que ce mail s'y cache ! Retrouvez-moi en DM avec l'adresse mail li√©e √† votre compte Auchan svp üòÄ Romain, √† votre √©coute",AUCHAN,87701473
Mon Oct 07 09:18:27 +0000 2019,,1181136694491435008,1180760467209367552,,"@dekeysercorent1 Bonjour Corentin, je suis navr√© de vous lire üòü N'h√©sitez pas √† me solliciter en DM en m'exposant la situation rencontr√©e et le N¬∞ de commande s'il vous pla√Æt, nous ferons le n√©cessaire ensemble si vous le souhaitez üòÉ Romain, √† votre √©coute",AUCHAN,87701473
Mon Oct 07 08:43:07 +0000 2019,,1181127805050003456,1180524824919232515,,"@KrisztinaMOLNA7 Bonjour Krisztina, oups... merci pour cette remont√©e ! Pouvez-vous m'indiquer le nom de ce magasin Auchan s'il vous pla√Æt ? J'aimerais alerter nos √©quipes üòÉ Romain, √† votre √©coute",AUCHAN,87701473
Mon Oct 07 08:31:24 +0000 2019,,1181124855124680705,1180455450472566784,,"@hlemeur Bonjour Herv√©, vous avez raison il manque un petit quelque chose effectivement üò≥ Quel magasin fr√©quentez-vous s'il vous pla√Æt ? Merci pour l'alerte ! Romain, √† votre √©coute",AUCHAN,87701473
Mon Oct 07 08:23:29 +0000 2019,,1181122861727174657,1180422174240313344,,"@Zuhrr Bonjour Zu, merci pour votre remont√©e. Afin de transmettre votre t√©moignage √† notre direction, merci de me pr√©ciser l'adresse exacte ainsi que l'heure √† laquelle cette situation s'est produite en DM s'il vous pla√Æt. Romain, √† votre √©coute",AUCHAN,87701473
Tue Oct 08 07:38:43 +0000 2019,,1181473984296181760,1181257577335869440,,"@ninine_91 Bonjour üëã Effectivement, cet incident n'aurait pas du se produire, merci pour votre alerte ! Les explications que j'aimerais vous donner n√©cessitent plus de 280 caract√®res, pouvez-vous me rejoindre en DM svp ? üòÖ D'avance merci. Romain, √† votre √©coute",AUCHAN,87701473
Tue Oct 08 16:15:57 +0000 2019,,1181604150464929792,1181488489285799936,,"@ceciofthelamp Bonjour,
Je suis navr√©e d'apprendre une telle situation. Pourriez-vous m'en dire davantage par MP et me transmettre vos coordonn√©es svp ?
Cordialement,
Anne-Lise",AUCHAN,87701473
Wed Oct 09 08:38:57 +0000 2019,,1181851532700065793,1181598478625071105,,"@MadeSeb Bonjour Seb üëã Ravi que cette mise √† sc√®ne vous pla√Æt ! Afin de f√©liciter les √©quipes, pouvez-vous me confirmer que vous visitiez bien le magasin d'Auchan Toulon la Seyne sur Mer svp ? üòÉ Romain, √† votre √©coute",AUCHAN,87701473
Wed Oct 09 12:56:24 +0000 2019,,1181916321430286338,1181902030132125696,,"@AntonyPlayer_ Bonjour Antony, merci pour votre remont√©e. Je vous invite √† me transmettre votre num√©ro de commande en DM afin qu'on fasse le point ensemble sur cette m√©saventure s'il vous pla√Æt. Romain, √† votre √©coute",AUCHAN,87701473
Wed Oct 09 09:30:21 +0000 2019,,1181864468172673024,1181647733096161289,,"@boudjee Bonjour @Boudjee, merci pour votre remont√©e. Afin que vous soyez recontact√© par un manager √† ce sujet, je vous invite √† me pr√©ciser vos coordonn√©es en DM s'il vous pla√Æt. Romain, √† votre √©coute",AUCHAN,87701473
Thu Oct 10 07:29:10 +0000 2019,,1182196358649991168,1181949212558319618,,"@BrotherMekki @NRJMobile @Cdiscount Hello üëã Je ne serai pas en mesure de vous renseigner car Auchan Telecom est g√©r√© par un partenaire, cependant sur ce lien : [LIEN] vous trouverez les coordonn√©es du service clients qui sera en mesure de r√©pondre √† toutes vos questions üòÉ Romain, √† votre √©coute",AUCHAN,87701473
Thu Oct 10 15:25:05 +0000 2019,,1182316127449485315,1181627827743006720,,"@BorisLeCycliste Bonjour, la pomme Pink Lady est un produit travaill√© en origine France de novembre a mi-juin.  Puis, il y a ensuite un trimestre d‚Äôimportation lorsque que le produit fran√ßais ne r√©pond plus au cahier des charges de la marque.  Nous conservons durant l'√©t√© la pomme. (1/2)",AUCHAN,87701473
Fri Oct 11 07:49:38 +0000 2019,,1182563894629412864,1180408387638575104,,"@zebisonbleu @PepiteSexiste Bonjour Susan,
Merci de nous avoir remont√© l'information. Il s'agit ici d'une erreur et elle vient d'√™tre corrig√©e par nos services.
Bonne journ√©e.
Anne-Lise",AUCHAN,87701473
Fri Oct 11 11:40:11 +0000 2019,,1182621917070667777,1182617567598432256,,"@AlexGdt Bonjour Alex, merci de votre alerte ! Ces situations ne doivent pas survenir. Afin de se rapprocher de la direction, merci de me pr√©ciser en DM le magasin Auchan fr√©quent√© ainsi que vos nom, pr√©nom et t√©l√©phone s'il vous pla√Æt. Romain, √† votre √©coute",AUCHAN,87701473
