id,text,date,user,user_id,favorite_cnt,retweet_cnt,reply_to_id
1178345606881955840,"@GARCIAMURIEL1 Bonjour, 
En cas de retard sup√©rieur √† 1h au d√©part, vous pouvez renoncer √† votre voyage et en demander le remboursement.
Cependant, vous ne pouvez plus √©changer votre billet. Les billets sont √©changeables jusqu'√† 1h30 avant l'heure de d√©part.
Cordialement, 
Max.",Sun Sep 29 16:27:39 +0000 2019,OUIGO,561110221,0,0,1.1783400983557325e+18
1178266334427258882,"@nineocllock Bonjour, effectivement l'acc√®s au train est d√©finitivement ferm√© 5 minutes avant le d√©part. Ceci est conforme √† nos conditions g√©n√©rales de vente üëâ [LIEN]. Mya",Sun Sep 29 11:12:39 +0000 2019,OUIGO,561110221,0,0,1.17826391076966e+18
1178215602927919104,"@CorneliuBunea Bonjour, pouvez-vous m'envoyer en MP le nom et pr√©nom de l'acheteur ainsi que l'adresse mail et le num√©ro de t√©l renseign√©s lors de la r√©servation ? Merci, Mya
[LIEN]",Sun Sep 29 07:51:04 +0000 2019,OUIGO,561110221,0,0,1.1782139702405612e+18
1178215310928879616,"@InsafRez @andreagrappin6 @assia_rezagui @Nath271008 Bonjour, nos billets sont √† 115 euros [LIEN] vous invite √† comparer les prix avec Ouisncf  avec les m√™mes conditions (sans carte de r√©duction). Mya",Sun Sep 29 07:49:54 +0000 2019,OUIGO,561110221,0,0,1.178212434542289e+18
1178171647989293056,"@InsafRez Bonjour, nous avons un bug en ce moment sur l'application. Il faut le faire sur le site mobile ou depuis un ordinateur. Bonne journ√©e et bon voyage. Mya",Sun Sep 29 04:56:24 +0000 2019,OUIGO,561110221,0,0,1.178050217951801e+18
1177983889052188672,@nhetic Vous pouvez d√©clarer des incivilit√©s via le num√©ro ou l'application alerte3117 : [LIEN],Sat Sep 28 16:30:19 +0000 2019,OUIGO,561110221,0,0,1.1779824322068398e+18
1177981648878612482,"@nhetic Bonjour,
Je vous invite √† vous rapprocher du personnel de bord.
L√©a.",Sat Sep 28 16:21:25 +0000 2019,OUIGO,561110221,0,0,1.177980915366142e+18
1177981106819350536,"@rienpourlerien @SNCF @ouisncf Bonjour,
En cas de probl√®me √† bord, je vous invite √† vous rapprocher du contr√¥leur. 
L√©a.",Sat Sep 28 16:19:16 +0000 2019,OUIGO,561110221,0,0,1.1779762039715676e+18
1177905572508774401,"@96nblw91 @SNCF Nous vous invitons √† effectuer une r√©clamation aupr√®s de notre service via notre formulaire üëâ  [LIEN]
Bonne journ√©e √† vous
Mya",Sat Sep 28 11:19:07 +0000 2019,OUIGO,561110221,0,0,1.177901652411605e+18
1177902098186461184,"@BriceLancon Bon voyage √† vous et merci √† notre coll√®gue.
Mya",Sat Sep 28 11:05:19 +0000 2019,OUIGO,561110221,0,0,1.1778992898440397e+18
1177901810947956738,"@KatebSinger @laurarosepro Nous vous souhaitons un tr√®s bon voyage ""On the rail"" üòâ üòâ.
Bon week-end, Mya",Sat Sep 28 11:04:10 +0000 2019,OUIGO,561110221,1,0,1.1778992710410158e+18
1177895888242524162,"@96nblw91 @SNCF Je peux comprendre que la r√©ponse ne vous convienne pas, cependant, nous ne pouvons pas √™tre tenus responsable d'un retard subit avec un autre transporteur.
Bon week-end, Mya",Sat Sep 28 10:40:38 +0000 2019,OUIGO,561110221,0,0,1.1778936578794168e+18
1177888184736403456,"@96nblw91 @SNCF Bonjour, une r√©ponse vous a √©t√© envoy√©e en message priv√©. 
Bonne journ√©e √† vous
Mya",Sat Sep 28 10:10:02 +0000 2019,OUIGO,561110221,0,0,1.1778871847849697e+18
1177885310753153024,@mathildemanso @ChTaubira @EdPhilippeRey Bonne lecture,Sat Sep 28 09:58:36 +0000 2019,OUIGO,561110221,1,0,1.1778829150295736e+18
1177861955874410497,"@Math_Ra Bonjour, pour regarder cela j'ai besoin que vous m'envoyer en MP la r√©f√©rence du dossier, le nom et pr√©nom de l'acheteur ainsi que l'adresse mail et le num√©ro de t√©l renseign√©s lors de la r√©servation ? Merci, Mya
[LIEN]",Sat Sep 28 08:25:48 +0000 2019,OUIGO,561110221,0,0,1.1778609790964654e+18
1177856508404670464,"@ElmokaddamE @ZozoLeDozo3 @GroupeSNCF @websterl666 @SNCF @ouisncf @TGVINOUI @SNCFReseau @SNCF_Digital Bonjour, comment puis-je vous aider? Mya",Sat Sep 28 08:04:09 +0000 2019,OUIGO,561110221,0,0,1.177855108148863e+18
1177819764665790464,"@mikaoelitiana Bonjour, les contr√¥les des bagages sont al√©atoires, de ce fait vous avez √©t√© chanceux les premi√®res fois. Bonne journ√©e. Mya",Sat Sep 28 05:38:09 +0000 2019,OUIGO,561110221,0,0,1.1778164126996726e+18
1177814705823522816,"@magflurry67 Bonjour, pour regarder cela j'ai besoin que vous m'envoyer en MP la r√©f√©rence du dossier, le nom et pr√©nom de l'acheteur ainsi que l'adresse mail et le num√©ro de t√©l renseign√©s lors de la r√©servation ? Merci, Mya
[LIEN]",Sat Sep 28 05:18:03 +0000 2019,OUIGO,561110221,0,0,1.1777289240690524e+18
1177814392622243841,"@andreagrappin6 Bonjour, OUIGO ne pratique pas les cartes de r√©ductions d√©sol√©. Nos prix sont d√©j√† tr√®s bas, de ce fait pas de cartes de r√©ductions. Bonne journ√©e. Mya",Sat Sep 28 05:16:48 +0000 2019,OUIGO,561110221,0,0,1.1776876484938138e+18
1177650324699521024,"@guiguilouaner @guiguilouaner 

Je vous invite √† voir si le 03 octobre 2019 cette relation sera propos√©e ;)

[LIEN]

Bonne soir√©e,

L√©o",Fri Sep 27 18:24:51 +0000 2019,OUIGO,561110221,1,0,1.177643780616446e+18
1177649287225888768,"@SebastienRuffet @ouisncf Bonjour, pouvez-vous m'envoyer en MP la r√©f√©rence du dossier, le nom et pr√©nom de l'acheteur ainsi que l'adresse mail et le num√©ro de t√©l renseign√©s lors de la r√©servation ? Merci, L√©o
[LIEN]",Fri Sep 27 18:20:44 +0000 2019,OUIGO,561110221,3,0,1.1776486280993546e+18
1177643409026236416,"@Appl3f13ld A votre service  

L√©o",Fri Sep 27 17:57:22 +0000 2019,OUIGO,561110221,0,0,1.1776420351736422e+18
1177622842394980352,@Appl3f13ld Nous essayons de vous r√©pondre par message direct. Merci de nous suivre sur twitter pour que nous puissions vous l'envoyer.,Fri Sep 27 16:35:39 +0000 2019,OUIGO,561110221,0,0,1.1776106532484342e+18
1177613942086144004,"@lmcmrtn_ Bonjour,

Pr√©f√©rez en informer notre personnel de bord, qui se trouve en voiture 4 ou 14 de votre rame.

il fera le n√©cessaire.

L√©o",Fri Sep 27 16:00:17 +0000 2019,OUIGO,561110221,0,0,1.177610653722452e+18
1177566346068013056,"@MarysolCx Bonjour, merci de votre retour, je m'en occupe de ce pas üòâ.

Bonne journ√©e.

Max.",Fri Sep 27 12:51:09 +0000 2019,OUIGO,561110221,1,0,1.1775639347836764e+18
1177449416669581312,"@rwt_paris Bonjour, tout est fait pour un rapprochement entre client et faire de nouvelles connaissances. üòâ Bonne journ√©e. Mya",Fri Sep 27 05:06:31 +0000 2019,OUIGO,561110221,1,0,1.1772343082952212e+18
1177449082958123010,"@Zenirax @SNCFTERAURA Bonjour, je vous conseille de vous rapprocher du personnel de bord pour trouver une solution. Mya",Fri Sep 27 05:05:11 +0000 2019,OUIGO,561110221,0,0,1.177443597085397e+18
1177448675619901442,"@JeanDuDragon Bonjour, si vous rencontrez un probl√®me √† bord, je vous conseille de vous rapprocher du chef de bord pour lui signaler. Mya",Fri Sep 27 05:03:34 +0000 2019,OUIGO,561110221,0,0,1.177445116841087e+18
1177293271200088068,"@ChookRaffle Bonsoir, 
Le Minist√®re des Arm√©es doit encore mettre √† jour certains num√©ros de cartes militaires SNCF sur les fichiers OUIGO.
Tant que ce ne sera pas fait, il sera impossible de profiter de la r√©duction.
Bonne soir√©e,
Max",Thu Sep 26 18:46:03 +0000 2019,OUIGO,561110221,0,0,1.177277392475349e+18
1177270917329821696,"@gait1234 Bonsoir,
Ce TGV n'est pas un OUIGO. 
N'h√©sitez pas √† consulter le site ou l'appli SNCF pour plus d'infos.
Bonne soir√©e,
Max",Thu Sep 26 17:17:13 +0000 2019,OUIGO,561110221,0,0,1.177267860009304e+18
1177264701841035264,@TGVINOUI Joyeux anniversaire fr√©rot üéâüïØÔ∏è,Thu Sep 26 16:52:32 +0000 2019,OUIGO,561110221,16,4,1.1771584625576223e+18
1177229850714824704,"@transports_25 @Skyscanner_FR @easyJet @Ryanair Bonjour,
Pas tout √† fait.
La ""formule bagage"" OUIGO = 2 Bagages √† main maxi 36x27x15 cm (haut. x larg. x prof.) ou 
1 Bagage √† main maxi 36x27x15 cm  + 1 Bagage cabine maxi 55x35x25 cm, poign√©es + roulettes incluses.
Tout le d√©tail ici : [LIEN]
Bonne journ√©e
Max",Thu Sep 26 14:34:02 +0000 2019,OUIGO,561110221,0,0,1.1772077878200812e+18
1177215745505275904,"@Im_Zap @ouisncf Bonjour, non pas promo pour les FrenchDays. Bonne journ√©e, Max",Thu Sep 26 13:37:59 +0000 2019,OUIGO,561110221,0,0,1.1772067308428698e+18
1177173030835019776,"@popoveve Pas de probl√®me, venez en MP üòâ ! L√©a",Thu Sep 26 10:48:16 +0000 2019,OUIGO,561110221,0,0,1.177172077197103e+18
1177136028894842880,"@Souchka @alxtoo Bonjour, les billets OUIGO pour la p√©riode du 15/12/2019 au 03/07/2020, seront disponibles le 03/10/2019, √† partir de 06h00. Bonne journ√©e. Jade üôÇ",Thu Sep 26 08:21:14 +0000 2019,OUIGO,561110221,9,0,1.1771292264845353e+18
1176931493748326400,@Terry_chr Merci √† vous üòâ,Wed Sep 25 18:48:29 +0000 2019,OUIGO,561110221,1,0,1.1769301138852209e+18
1176915831214759936,"@KarlCLK @lsgn_ Oui, l'option (2‚Ç¨) est propos√©e lorsque vous r√©servez. 
Kim",Wed Sep 25 17:46:14 +0000 2019,OUIGO,561110221,0,0,1.176915167139025e+18
1176893709985751045,"@CHRYSMARCHAND @SNCF Bonsoir,
Impossible de r√©initialiser le mot de passe de votre Carte de fid√©lit√© Voyageur depuis notre appli car les cartes de r√©duction SNCF, dont la Carte Voyageur, ne peuvent √™tre utilis√©es pour des voyages OUIGO. 
Essayez ici [LIEN] ou appelez le 3635.
Kim",Wed Sep 25 16:18:20 +0000 2019,OUIGO,561110221,0,0,1.176890123084079e+18
1176871681073307649,"@lsgn_ Bonjour,
Navr√© pour vous.
Si vous √™tes toujours √† bord, je vous invite √† faire r√©pertorier l'anomalie par le chef de bord, puis vous pourrez faire une demande de d√©dommagement via notre formulaire de contact : [LIEN].
Bonne soir√©e,
Kim",Wed Sep 25 14:50:48 +0000 2019,OUIGO,561110221,0,0,1.1768698701574226e+18
1176854432283320320,"@Degien93 S'il n'a pas trop grossi, non. üòâ",Wed Sep 25 13:42:16 +0000 2019,OUIGO,561110221,0,0,1.17685378948941e+18
1176843761969762305,"@Degien93 En effet, l'animal est informatiquement absent, s'il p√®se moins de 6 kg.",Wed Sep 25 12:59:52 +0000 2019,OUIGO,561110221,0,0,1.17684082708523e+18
1176834975917903873,"@Degien93 Bonjour, les animaux inf√©rieurs √† 6 kg ne paient pas chez Ouigo. Je vous indique le lien relatif √† votre question. üëâ  [LIEN] . Bonne journ√©e. Jules",Wed Sep 25 12:24:57 +0000 2019,OUIGO,561110221,0,0,1.176833692439855e+18
1176795344782467072,"@Corstaille Bonjour, je n'ai pas l'information concernant la r√©ouverture des trains indisponibles. Je vous invite √† consulter notre site r√©guli√®rement. Bonne journ√©e. Jade.",Wed Sep 25 09:47:28 +0000 2019,OUIGO,561110221,0,0,1.1767944771067372e+18
1176782995656716288,"@mdbparis Bonjour, pour les probl√®mes √† bord , rapprochez vous du chef de bord ! Cordialement. Jade.",Wed Sep 25 08:58:24 +0000 2019,OUIGO,561110221,0,0,1.1767808294539305e+18
1176526801696362497,"@EtiennFrancois Bonjour, pas de trajet direct entre Toulouse et Saint Pierre des Corps.
En revanche, vous avez la possibilit√© de voyager avec OUIGO entre Toulouse et Bordeaux, puis Bordeaux et Saint Pierre des Corps.
+d'infos ici üëâ [LIEN]
Bonne soir√©e
Kim",Tue Sep 24 16:00:22 +0000 2019,OUIGO,561110221,0,0,1.1765249824464118e+18
1176506758757527553,"@Lalot87858226 Bonjour, la date de l'ouverture des ventes pour cette p√©riode sera bient√¥t connue, encore un peu de patience !
Je vous invite √† vous inscrire √† notre newsletter pour en savoir plus 
 üëâ [LIEN]
Bonne journ√©e, Kim.",Tue Sep 24 14:40:44 +0000 2019,OUIGO,561110221,0,0,1.1765047981804954e+18
1176459592005554176,"@jcsamalens Bonjour, je n'ai pas d'information contraire √† la bonne circulation de votre train aujourd'hui.
Bon voyage et bonne journ√©e üòâ ,
Kim.",Tue Sep 24 11:33:18 +0000 2019,OUIGO,561110221,0,0,1.1764547884914156e+18
1176400636977569794,@hwkeyestark A votre service. Belle journ√©e. Jade,Tue Sep 24 07:39:02 +0000 2019,OUIGO,561110221,0,0,1.176399935069143e+18
1176394218467680256,"@hwkeyestark Certainement, mais je n'ai pas plus d'infos que vous pour le moment. Il faudra encore patienter un peu. Jade",Tue Sep 24 07:13:32 +0000 2019,OUIGO,561110221,0,0,1.1763936432482263e+18
1176392057079967744,"@hwkeyestark Bonjour, l'ouverture des ventes est pr√©vue pour d√©but octobre. Je vous conseille de vous inscrire √† notre newsletter ici üëâ [LIEN] pour avoir l'information au plus vite. Bonne journ√©e. Jade",Tue Sep 24 07:04:57 +0000 2019,OUIGO,561110221,1,0,1.1763895438278203e+18
1176381933942726656,"@barletma @SNCF Bonjour, je vais regarder cela de plus pr√®s mais pour √ßa, il me faut votre n¬∞ de r√©servation, nom, pr√©nom et adresse mail renseign√© sur votre commande en MP svp. Jade
[LIEN]",Tue Sep 24 06:24:43 +0000 2019,OUIGO,561110221,0,0,1.1763809952951542e+18
1176372262695559168,"@cloclovoie @Yoyoretla_ac @TheBest76053377 @WendyBouchard @JoPlantin @evoyageursSNCF Bonjour, si vous avez eu 5h de retard vous avez le droit √† un d√©dommagement. Si ce n'a pas √©t√© le cas, on peut voir cela en priv√©e. [LIEN].  Bonne journ√©e. Jade",Tue Sep 24 05:46:18 +0000 2019,OUIGO,561110221,0,0,1.1763713662343782e+18
1176366111505469441,"@Yoyoretla_ac @TheBest76053377 @cloclovoie @WendyBouchard @JoPlantin @evoyageursSNCF Bonjour, je vous confirme √† 200% que OUIGO ne fait pas de sur-r√©servation. De plus si vous rencontrez des probl√®mes √† bord je vous conseille de vous rapprocher du chef de bord pour lui signaler. Bonne journ√©e. Jade",Tue Sep 24 05:21:51 +0000 2019,OUIGO,561110221,1,0,1.1763432378140303e+18
1176365043077844992,"@barletma @SNCF Bonjour, je vous conseille de vous rapprocher des agents en gare pour avoir une assistance. Bonne journ√©e. Jade",Tue Sep 24 05:17:36 +0000 2019,OUIGO,561110221,0,0,1.176337070262018e+18
1176362627926241282,"@Pablitoo212 Bonjour, pouvez-vous m'envoyer en MP la r√©f√©rence du dossier, le nom et pr√©nom de l'acheteur ainsi que l'adresse mail et le num√©ro de t√©l renseign√©s lors de la r√©servation ? On va regarder cela. Merci, Jade
[LIEN]",Tue Sep 24 05:08:00 +0000 2019,OUIGO,561110221,1,0,1.1762160846781522e+18
1176215323936210944,"@Pablitoo212 Bonsoir,
Les billets OUIGO sont non annulables donc pouvez-vous pr√©ciser votre demande svp ?
Kim",Mon Sep 23 19:22:40 +0000 2019,OUIGO,561110221,0,0,1.1762127553779835e+18
1176210533403516929,"@PetitRefuge C'est tout simplement parce que je dois vous demandez des infos priv√©es.
Kim",Mon Sep 23 19:03:38 +0000 2019,OUIGO,561110221,0,0,1.1762071001559777e+18
1176206463028670464,"@PetitRefuge Bonsoir,
Pour ce type d'info, merci de me contacter en mp ou de contacter notre service client via ce formulaire : [LIEN]
Bonne soir√©e,
Kim",Mon Sep 23 18:47:28 +0000 2019,OUIGO,561110221,0,0,1.176187533606015e+18
1176186882239148040,"@MathieuCDBOuigo @lydxmi Au top Mathieu üòâ 
Bonne soir√©e,
Kim",Mon Sep 23 17:29:39 +0000 2019,OUIGO,561110221,2,0,1.1761797661578158e+18
1176177244307431425,"@lydxmi @MathieuCDBOuigo Bonsoir,
Pour tout probl√®me √† bord je vous invite √† vous rapprocher de votre chef de bord.
Bonne soir√©e,
Kim",Mon Sep 23 16:51:22 +0000 2019,OUIGO,561110221,0,0,1.1761626930882355e+18
1176168414508998657,"@BarbierKentin Bonsoir,
Il s'agit effectivement d'une erreur ""d'aiguillage"" de notre syst√®me informatique.
Th√©oriquement, vous avez d√ª recevoir un erratum.
Bonne soir√©e,
Kim",Mon Sep 23 16:16:16 +0000 2019,OUIGO,561110221,2,0,1.1761276624499425e+18
1176157695398830081,"@TC_Emad @ouisncf Bonjour, 
Si vous n'avez pas re√ßu de mail vous informant d'une modification, c'est que votre train circule normalement.
Vous pouvez aussi essayer de consulter l'appli Assistant SNCF si vous voulez.
Bonne soir√©e,
Kim",Mon Sep 23 15:33:41 +0000 2019,OUIGO,561110221,0,0,1.1761384337958994e+18
1176155936563630080,"@AnaisSOfficial @BarbierKentin Bonjour,
Il s'agit sans doute d'une erreur.
Pourriez-vous me communiquer votre n¬∞ de r√©servation svp (en mp de pr√©f√©rence) ?
Kim",Mon Sep 23 15:26:41 +0000 2019,OUIGO,561110221,0,0,1.1761360983109632e+18
1176155571914981377,"@hugobos_mtp Bonjour,
Il s'agit peut-√™tre d'une erreur. 
Pourriez-vous me communiquer votre n¬∞ de r√©servation svp (en mp de pr√©f√©rence) ? 
Kim",Mon Sep 23 15:25:14 +0000 2019,OUIGO,561110221,0,0,1.1761346239082496e+18
1176154854106050561,"@claudiam829 @SNCF @ouisncf Bonjour,
Votre train OUIGO n¬∞7626 au d√©part de Nantes √† 19h39 √† destination de Paris n'est pas impact√© par la gr√®ve.
D'une mani√®re plus g√©nrale, si vous n'avez pas re√ßu de mail vous indiquant une modification, c'est que votre train circule.
Bonne soir√©e,
Kim",Mon Sep 23 15:22:23 +0000 2019,OUIGO,561110221,0,0,1.176132083963564e+18
1176137870811291649,"@HouzaiComoria Bonjour, pouvez-vous m'envoyer en MP la r√©f√©rence du dossier, le nom et pr√©nom de l'acheteur ainsi que l'adresse mail et le num√©ro de t√©l renseign√©s lors de la r√©servation ? Merci, L√©o
[LIEN]",Mon Sep 23 14:14:54 +0000 2019,OUIGO,561110221,1,0,1.1761184152469957e+18
1176121947257786368,"@fkerloch Bonjour,

La date approche, les billets seront tr√®s bient√¥t accessibles.

Pensez √† vous inscrire √† notre newsletter : [LIEN]

L√©o",Mon Sep 23 13:11:38 +0000 2019,OUIGO,561110221,0,0,1.176101432270971e+18
1176096879517548544,"@T_Nordmand @BZH_Lena @WendyBouchard @evoyageursSNCF Bonjour,

Tout d'abord, l'entretien courant est assur√© par une soci√©t√©, pr√©sente √† bord de tous trains OUIGO. 

Cependant, il est vrai que certains voyageurs laissent plus de  traces que d'autres.... 

je vous invite √† le signaler √† notre √©quipe OUIGO √† bord.

L√©o",Mon Sep 23 11:32:01 +0000 2019,OUIGO,561110221,0,0,1.1760896660864778e+18
1176064901036617728,"@Pingxel1 @SNCF @Actu_Transilien Bonjour, pouvez-vous m'envoyer en MP la r√©f√©rence du dossier, le nom et pr√©nom de l'acheteur ainsi que l'adresse mail et le num√©ro de t√©l renseign√©s lors de la r√©servation ? Merci, L√©o
[LIEN]",Mon Sep 23 09:24:57 +0000 2019,OUIGO,561110221,1,0,1.1760645910313492e+18
1176039003797282817,"@Faukce Bonjour, le pass navigo ne fonctionne pas avec nous.
Donc si vous souhaitez prendre un OUIGO, il faut acheter un billet. 
S'il s'agit d'un TGV SNCF, je vous laisse les contacter.
Bonne journ√©e.",Mon Sep 23 07:42:02 +0000 2019,OUIGO,561110221,0,0,1.176037979208454e+18
1176029247103799296,"@AuvrayT Bonjour, nous vous invitons √† faire un mail au service client via ce lien : [LIEN] afin de faire remonter ce probl√®me. Bonne journ√©e. Jade",Mon Sep 23 07:03:16 +0000 2019,OUIGO,561110221,0,0,1.175797663427641e+18
1176017536518938624,"@LiseKLM Bonjour, pouvez-vous m'envoyer en MP le nom et pr√©nom de l'acheteur ainsi que l'adresse mail et le num√©ro de t√©l renseign√©s lors de la r√©servation ? Merci, Jade
[LIEN]",Mon Sep 23 06:16:44 +0000 2019,OUIGO,561110221,0,0,1.1760170928790118e+18
1176003402611986435,"@JLuc__RICHARD Bonjour, pouvez-vous m'envoyer en MP la r√©f√©rence du dossier, le nom et pr√©nom de l'acheteur ainsi que l'adresse mail et le num√©ro de t√©l renseign√©s lors de la r√©servation ? Merci, Jade
[LIEN]",Mon Sep 23 05:20:34 +0000 2019,OUIGO,561110221,0,0,1.17586189244058e+18
1176000178098188288,"@__si_mon @ouisncf Bonjour, pouvez-vous m'envoyer en MP la r√©f√©rence du dossier, le nom et pr√©nom de l'acheteur ainsi que l'adresse mail et le num√©ro de t√©l renseign√©s lors de la r√©servation ? Merci, Jade
[LIEN]",Mon Sep 23 05:07:46 +0000 2019,OUIGO,561110221,0,0,1.1758664398043136e+18
1175835791857192960,"@emilebernarduk Bonjour, pouvez-vous m'envoyer en MP la r√©f√©rence du dossier, le nom et pr√©nom de l'acheteur ainsi que l'adresse mail renseign√©s lors de la r√©servation ? Merci, L√©a
[LIEN]",Sun Sep 22 18:14:33 +0000 2019,OUIGO,561110221,0,0,1.1758307538102886e+18
1175784555028078592,"@M_Pmrd Bonjour, 
Le WIFI n'est pas encore √©tendu √† tous les trains.
Afin d'√™tre inform√© sur tous les nouveaut√©s, vous pouvez vous inscrire √† notre newsletter en cliquant ici : [LIEN]",Sun Sep 22 14:50:57 +0000 2019,OUIGO,561110221,0,0,1.1757729580585288e+18
1175761301429264386,"@lenantais02110 Non pas de nouveaux trajets pr√©vus, pour cette ann√©e.
Par contre inscrivez-vous √† la newsletter, vous serez inform√© des nouveaut√©s et aussi de la date exacte d'ouverture pour le service d'hiver.
[LIEN]
Bonne journ√©e,
Max",Sun Sep 22 13:18:33 +0000 2019,OUIGO,561110221,0,0,1.1757562369078436e+18
1175709738455240704,"@lenantais02110 Bonjour, que voulez-vous dire ?
Max.",Sun Sep 22 09:53:39 +0000 2019,OUIGO,561110221,0,0,1.1757073360836854e+18
1175668125372735488,"@Alex__Mki Bonjour Alex, je vous vous invite √† porter plainte en commissariat ou en gendarmerie.
Vous pouvez aussi faire une d√©claration de perte sur le site [LIEN]
Si votre valise est retrouv√©e dans une gare ou un train, vous serez recontact√© par des agents SNCF. 
Mya.",Sun Sep 22 07:08:18 +0000 2019,OUIGO,561110221,0,0,1.175535850958086e+18
1175469724597141505,"@MathildeMarech4  Bonsoir, Je vous r√©ponds en priv√©. Max",Sat Sep 21 17:59:56 +0000 2019,OUIGO,561110221,0,0,
1175449724272484352,"@guantanamourya Bonjour, Si, les trains OUIGO ont la climatisation, si dysfonctionnement il y a, je vous invite √† le signaler √† nos Chef de bord. Bonne soir√©e. Max",Sat Sep 21 16:40:27 +0000 2019,OUIGO,561110221,0,0,1.1754489231687926e+18
1175421167756353536,@savinnh A votre service. Belle journ√©e. Max,Sat Sep 21 14:46:59 +0000 2019,OUIGO,561110221,0,0,1.1754209502858363e+18
1175420890139561984,"@savinnh Bonjour, lorsque le terminus est Tourcoing le train ne s‚Äôarr√™te pas √† Lille. En revanche, vous pouvez faire un Marseille / Lille. Max",Sat Sep 21 14:45:53 +0000 2019,OUIGO,561110221,0,0,1.1754199141166408e+18
1175415586593157121,@guantanamourya üòâ A votre service. Belle journ√©e. Max,Sat Sep 21 14:24:48 +0000 2019,OUIGO,561110221,0,1,1.1754153030707364e+18
1175414383993925632,@guantanamourya Je vous est r√©pondu en MP. Max,Sat Sep 21 14:20:01 +0000 2019,OUIGO,561110221,0,1,1.1754129602961285e+18
1175412327547645953,"@guantanamourya Bonjour, afin de regarder cela, pouvez-vous m'envoyer en MP la r√©f√©rence du dossier, le nom et pr√©nom de l'acheteur ainsi que l'adresse mail et le num√©ro de t√©l renseign√©s lors de la r√©servation ? Merci, Max
[LIEN]",Sat Sep 21 14:11:51 +0000 2019,OUIGO,561110221,1,0,1.1754117543708344e+18
1175400770054868992,@LauryAnnne Dans certaines gares les informations sont transmises en temps r√©el sur l'appareil des chefs de bord. Max,Sat Sep 21 13:25:56 +0000 2019,OUIGO,561110221,1,0,1.1753982331594138e+18
1175397726298759168,@Lexia__ A votre service. Belle journ√©e. Max,Sat Sep 21 13:13:50 +0000 2019,OUIGO,561110221,0,0,1.1753970725913436e+18
1175397597240057856,"@LauryAnnne Bonjour, les chefs de bord scannent votre billet et ont cette information sur leur appareil. Max",Sat Sep 21 13:13:19 +0000 2019,OUIGO,561110221,0,0,1.175395128107815e+18
1175369432367079426,"@Lexia__ Bonjour, pas de date pr√©cise mais ce sera d√©but octobre. Je vous conseille de vous inscrire √† notre newsletter ici [LIEN] pour √™tre au courant dans les plus brefs d√©lais. Bonne journ√©e. Max",Sat Sep 21 11:21:24 +0000 2019,OUIGO,561110221,1,0,1.1753685209279816e+18
1175360847977308161,"@2nison Bonjour, effectivement ce train accuse un retard. Avez-vous une question √† ce sujet? Max",Sat Sep 21 10:47:17 +0000 2019,OUIGO,561110221,0,0,1.175360242152067e+18
1175357279429959680,"@MahirBlk Bonjour, pouvez-vous m'envoyer en MP la r√©f√©rence du dossier, le nom et pr√©nom de l'acheteur ainsi que l'adresse mail et le num√©ro de t√©l renseign√©s lors de la r√©servation ? Je vais regarder cela. Max
[LIEN]",Sat Sep 21 10:33:07 +0000 2019,OUIGO,561110221,0,0,1.17535675257079e+18
1175316984361345024,@pilote_serie Vous pouvez modifier votre billet OUIGO via ce lien : [LIEN] . Mya,Sat Sep 21 07:53:00 +0000 2019,OUIGO,561110221,0,0,1.1753095989721375e+18
1175309209702940673,@bl4ckcitr0n @pimpmyassbb Un d√©dommagement est propos√© √† partir de 1 heure de retard. Je vous invite √† consulter vos mails pour + d'infos. Mya,Sat Sep 21 07:22:06 +0000 2019,OUIGO,561110221,1,0,1.1753049708218778e+18
1175306932783108097,"@pilote_serie Bonjour, les billets OUIGO ne sont ni annulables et ni remboursables mais √©changeables. Vous trouverez + d'informations via ce lien : [LIEN] . Mya",Sat Sep 21 07:13:03 +0000 2019,OUIGO,561110221,0,0,1.175294363846533e+18
1175303220098457600,"@bl4ckcitr0n @pimpmyassbb Bonjour, je suis d√©sol√©e pour cette situation. Toutes les informations concernant le retard sont envoy√©es par mail. Essayez √©galement de vous rapprocher d'un agent OUIGO sur place. Mya",Sat Sep 21 06:58:18 +0000 2019,OUIGO,561110221,0,0,1.175290860176646e+18
1175280420365246464,"@ahouijevois Bonjour, 
Actuellement, nous n'avons pas encore connaissance de l'impact de ce mouvement social sur les trains OUIGO. Toutes les informations seront communiqu√©es 48h √† l‚Äôavance. Bonne journ√©e, Mya",Sat Sep 21 05:27:42 +0000 2019,OUIGO,561110221,0,0,1.1751407816586609e+18
1178590071261483008,"@FabriqueCookies Et pour l'occasion, nous offrons 1 an de cookies et 1 A/R pour 3 personnes en Ouigo sur notre compte Insta üëá
[LIEN]",Mon Sep 30 08:39:04 +0000 2019,OUIGO,561110221,0,0,1.1785897330872648e+18
1178574757316513792,"@_Amixem Le syst√®me D, c'est la vie üôå Si √ßa peut aider, on avait eu quelques id√©es üëá [LIEN]",Mon Sep 30 07:38:13 +0000 2019,OUIGO,561110221,12,0,1.178407156107944e+18
1178653308933853184,"@anthony_ftth @Nanamotte @SNCF Bonjour Anthony, je vous invite √† vous rapprocher des agents √† l'escale concernant la distribution d'eau.
Bon courage √† vous 
Kim",Mon Sep 30 12:50:21 +0000 2019,OUIGO,561110221,0,0,1.1786510949033943e+18
1178651272049823744,"@CrqMel Bonjour, oui tout √† fait.
Votre bagage √† main ne doit pas exc√©d√©  36 x 27 x 15
Votre bagage cabine 55 x 35 x 25
et le bagage suppl√©mentaire maximun 2m et 30 kg
Bonne journ√©e √† vous 
Kim",Mon Sep 30 12:42:16 +0000 2019,OUIGO,561110221,0,0,1.1786470009942016e+18
1178645795509297153,"@JeMaX06 Cela n'est pas possible malheureusement.
Pour information, si vous faites une modification de votre r√©servation, elle concernera tous les passagers du dossier, votre billet √©tant indivisible.
Kim",Mon Sep 30 12:20:30 +0000 2019,OUIGO,561110221,0,0,1.1786439129756385e+18
1178642985912848385,"@JeMaX06 Bonjour, pour information, il est possible de modifier le nom d'un voyageur, et pour 10‚Ç¨ de frais d'√©change, directement sur notre site [LIEN]
Bonne journ√©e, Kim",Mon Sep 30 12:09:20 +0000 2019,OUIGO,561110221,1,0,1.1786422771844956e+18
1178623448916140032,"@sebb_troquier @SNCF @GroupeSNCF Nous n'en savons pas plus.
Bon courage √† vous",Mon Sep 30 10:51:42 +0000 2019,OUIGO,561110221,0,0,1.178621914748719e+18
1178617851197964288,"Pour un go√ªter complet et tr√®s tr√®s bon, vous pouvez acheter 1 cookie @FabriqueCookies + 1 jus @innocent_Fr (ou une bouteille d'eau) pour 5‚Ç¨ [LIEN]",Mon Sep 30 10:29:28 +0000 2019,OUIGO,561110221,3,0,1.1785897330872648e+18
1178613697679433728,"@BeAureli Je ne suis pas la plus qualifi√©e pour vous r√©pondre.
Pour les correspondances et prises en charge, vous devez consulter mes coll√®gues √† bord.
Ils auront des consignes .
Votre train ne devrait pas tarder √† repartir avec 1 seule rame (voiture) au lieu de 2 
Bon courage √† vous
Jade",Mon Sep 30 10:12:57 +0000 2019,OUIGO,561110221,0,0,1.17860812105447e+18
1178612635358629888,@sebb_troquier @SNCF Je n'ai pas plus d'information. Il y a 50 minutes de retard de pr√©vu actuellement,Mon Sep 30 10:08:44 +0000 2019,OUIGO,561110221,0,0,1.1786101666878177e+18
1178607766623211520,"@sebb_troquier @SNCF Bonjour, le train 7842 est bloqu√© en gare d'Avignon √† la suite d'un probl√®me mat√©riel.
Les coll√®gues sont en train de tout mettre en oeuvre pour que votre train parte.
Rapprochez vous des agents ouigo en gare ou √† bord.
Bon courage √† vous
Jade",Mon Sep 30 09:49:23 +0000 2019,OUIGO,561110221,0,0,1.178603867937882e+18
1178606474425257985,"@BeAureli Bonjour, le train 7842 est √† l‚Äôarr√™t en gare d'Avignon pour cause de probl√®me et panne mat√©riel.
Le service concern√© est en train de tout mettre en oeuvre pour assurer le d√©part.
Bon courage √† tous
Jade",Mon Sep 30 09:44:15 +0000 2019,OUIGO,561110221,0,0,1.1786048905595986e+18
1178707554509164544,"@BreizhRossi @GroupeSNCF @villedelyon @gerardcollomb @auvergnerhalpes @prefetrhone Bonjour, l'offre OUIGO se renouvelle sans cesse √† chaque nouveau plan de transport.
Rejoignez la newsletter afin de conna√Ætre toutes les nouveaut√©s de l'offre : [LIEN]
Cordialement, 
Jules.",Mon Sep 30 16:25:54 +0000 2019,OUIGO,561110221,1,0,1.1787047082587464e+18
1178677571984199682,"@concierge24_24 @SNCF @sncfMonAmour @ouisncf Bonjour, 
Chez OUIGO, il existe l'option ""Place tranquille"", ce wagon est r√©serv√© aux voyageurs de plus de 12 ans.
Cordialement, 
Jules.",Mon Sep 30 14:26:46 +0000 2019,OUIGO,561110221,0,0,1.1786761195596431e+18
1178668176370016257,"@anthony_ftth @Nanamotte @SNCF Sur les r√©seaux sociaux, nous n'avons ce genre d'information .
Je vous invite √† vous r√©f√©rer au mail qui vous a √©t√© adress√© ou de demander aux agents Ouigo ou de l' escale.
Bon courage √† vous 
Kim",Mon Sep 30 13:49:26 +0000 2019,OUIGO,561110221,0,0,1.1786654798435287e+18
1178745515409842176,@Jerem973 Avec plaisir !,Mon Sep 30 18:56:45 +0000 2019,OUIGO,561110221,0,0,1.1787450471703347e+18
1178734777245032455,"@sharmanight Bonsoir,
Non mais rendez-vous le 3 octobre d√®s 6h pour r√©server vos billets pour vos voyages jusqu'au 3 juillet inclus et trouver des bons petits prix ! 
Cordialement, 
Kim.",Mon Sep 30 18:14:05 +0000 2019,OUIGO,561110221,0,1,1.178734223869522e+18
1178993442074050561,"@durandbab Hello! Encore un peu de patience, vous d√©couvrirez tout cela d√®s le 3 octobre üòâ ! Belle journ√©e, Jade",Tue Oct 01 11:21:55 +0000 2019,OUIGO,561110221,0,0,1.178985379833221e+18
1178974829048979458,"@Mrs__Aly Bonjour, suite √† une panne sur une de nos rames, nous avons du, en effet, fermer la vente sur cette liaison pour des raisons de logistique. Actuellement, nous ne savons pas si ces trains seront remis √† la vente. Belle Journ√©e, Jade",Tue Oct 01 10:07:58 +0000 2019,OUIGO,561110221,1,0,1.178952534490153e+18
1179262717720502277,"@PouyaTavakoli Bonjour, je peux peut √™tre vous aider. Pouvez-vous m'envoyer en MP la r√©f√©rence du dossier, le nom et pr√©nom de l'acheteur ainsi que l'adresse mail et le num√©ro de t√©l renseign√©s lors de la r√©servation ? Merci, L√©o
[LIEN]",Wed Oct 02 05:11:56 +0000 2019,OUIGO,561110221,0,0,1.1791755569376666e+18
1179103490905391104,"@AndrieuEstelle Bonsoir Estelle, je vous invite √† vous rapprocher du chef de bord pour plus de renseignements. 
Merci, Jules.",Tue Oct 01 18:39:13 +0000 2019,OUIGO,561110221,0,0,1.179089307019174e+18
1179303551098597376,"@GranvilleParis Bonjour,

Pour information, le choix de placement n'est pas encore une option chez OUIGO.
Votre demande doit concerner un autre transporteur.

Bonne journ√©e, 
L√©o",Wed Oct 02 07:54:11 +0000 2019,OUIGO,561110221,0,0,1.1792972030782546e+18
1179323261672443904,"@exero11 Bonjour,
Je viens de v√©rifier et il n'y a aucun probl√®me sur notre formulaire de contact.
Je vous propose d'essayer depuis un autre navigateur ou un autre mode de navigation,  et de pr√©f√©rence depuis un ordinateur car certains smartphones bloquent le formulaire.
Bonne journ√©e
Leo",Wed Oct 02 09:12:31 +0000 2019,OUIGO,561110221,0,0,1.1793209750302106e+18
1179436818086973443,@datfuckyoloswag Nous essayons de vous r√©pondre par message direct. Merci de nous suivre sur twitter pour que nous puissions vous l'envoyer.,Wed Oct 02 16:43:44 +0000 2019,OUIGO,561110221,0,0,1.1794355471708774e+18
1179386353672433664,"@michaellalande Bonjour Michael, 
Pour pouvoir √©tudier votre demande, j'aurais  besoin de votre n¬∞ de dossier voyage, adresse mail et num√©ro de t√©l√©phone que vous avez renseign√©s lors de votre commande.
Le tout en mp, pour une question de confidentialit√©.
Kim",Wed Oct 02 13:23:13 +0000 2019,OUIGO,561110221,0,0,1.1793808647881114e+18
1179714217890504704,"@GuaellaV √áa y est votre train pour le 6 janvier 2020 des Arc Draguignan √† Paris Gare de Lyon est disponible.
Je vous invite √† vous rendre sur notre site pour faire votre r√©servation et ainsi profiter du meilleur tarif possible.
Tr√®s belle journ√©e, L√©o",Thu Oct 03 11:06:02 +0000 2019,OUIGO,561110221,0,0,1.179706841749754e+18
1179705719408484352,"@lenantais02110 Bonjour,
Non, nous ne proposons toujours pas ce trajet.
Bonne journ√©e, Mya",Thu Oct 03 10:32:16 +0000 2019,OUIGO,561110221,0,0,1.17968645193352e+18
1179705379946668032,"@JuJuGeff @farton92 Nos prix d√©marrent √† 10, 14, 16 et 19 euros, ils sont propos√©s √† un tarif plus √©lev√© pour les journ√©es de forte affluence. 
Vous pouvez consulter le calendrier des prix pour les tarifs les plus avantageux (par exemple, le 18 et le 25 d√©cembre, il reste des tarifs √† 10 euros).",Thu Oct 03 10:30:55 +0000 2019,OUIGO,561110221,0,0,1.17968224943385e+18
1179702253290184705,"@sinelege_JBT Nous n'avons pas re√ßu vos informations en MP, je vous invite √† nous les communiquer si vous souhaitez qu'on √©tudie votre demande.
L√©o",Thu Oct 03 10:18:29 +0000 2019,OUIGO,561110221,0,0,1.179691094025605e+18
1179700257581682688,"@akiruahxh @ouisncf Bonjour,
Non, ce n'est pas une blague la p√©riode de no√´l est tr√®s demand√©e et nos petits prix disparaissent tr√®s vite, cependant rassurez-vous ils ne sont pas en voie d'extinction.
Je vous invite √† consulter le calendrier des prix pour trouver le meilleur tarif possible. L√©o",Thu Oct 03 10:10:33 +0000 2019,OUIGO,561110221,0,0,1.1796775629660324e+18
1179695243983233024,"@tinysw87 Non bien sur, vous pouvez mettre la ville de votre choix parmi nos 40 destinationsüòâ. 
Bonne chance, Jade.",Thu Oct 03 09:50:38 +0000 2019,OUIGO,561110221,0,0,1.179664295493288e+18
1179690449558261761,"@sinelege_JBT Bonjour,
pouvez-vous m'envoyer en MP la r√©f√©rence du dossier, le nom et pr√©nom de l'acheteur ainsi que l'adresse mail et le num√©ro de t√©l renseign√©s lors de la r√©servation ? Merci
[LIEN]",Thu Oct 03 09:31:35 +0000 2019,OUIGO,561110221,0,0,1.1796687103632097e+18
1179688466185179138,"@sassa_auteur Bonjour, des travaux sur la ligne ont lieu du 03/02/20 au 19/06/20 ce qui impacte le nombre de trains effectivement. Mais nous avons des circulations tous les jours. Seuls les 21, 22, 23 et 24/06 n'ont pas de trains disponibles en raison des travaux. Bonne journ√©e :)",Thu Oct 03 09:23:42 +0000 2019,OUIGO,561110221,0,0,1.179660332186456e+18
1179684705215684609,"@BirdyMoNg Bonjour BirdyMoNg,
Oups!!! une erreur c'est produite üòâ,
Veuillez nous excuser pour la g√™ne occasionn√©e.
Bonne journ√©e, L√©o",Thu Oct 03 09:08:45 +0000 2019,OUIGO,561110221,0,0,1.179669149762687e+18
1179679245242634240,"@catalane47 Bonjour Catalane,
Nos prix d'appel sont toujours √† 10 euros mais peuvent varier en fonction de l'offre et la demande.
Je vous conseille d'utiliser le calendrier des prix pour trouver votre bonheur.
Bonne journ√©e,Jade.",Thu Oct 03 08:47:04 +0000 2019,OUIGO,561110221,0,0,1.1796627262196818e+18
1179678549252476928,"@dotTophe Bonne journ√©e √† vous aussi, L√©a",Thu Oct 03 08:44:18 +0000 2019,OUIGO,561110221,0,0,1.179677863601156e+18
1179677521375371264,"@dotTophe Bonjour,
Rassurez-vous nos conducteurs ne font pas de communications sur l'ouverture des ventes üòâ, veuillez nous excuser pour la g√™ne occasionn√©e.
Bonne journ√©e, L√©a",Thu Oct 03 08:40:13 +0000 2019,OUIGO,561110221,0,0,1.179652143751598e+18
1179677414630334464,"√Ä vos votes ! Pour faire gagner votre ville pr√©f√©r√©e, tweetez #LetsGoToulouse ou #LetsGoLyon par exemple. üòä",Thu Oct 03 08:39:47 +0000 2019,OUIGO,561110221,3,1,1.179656076645421e+18
1179677049667096576,"Pour participer et tenter de gagner 120‚Ç¨ de bons d'achats OUIGO, tweetez pour votre ville pr√©f√©r√©e, avec #LetsGoParis ou #LetsGoToulouse par exemple. üëå  
R√®glement : [LIEN]",Thu Oct 03 08:38:20 +0000 2019,OUIGO,561110221,6,0,1.179661157696725e+18
1179675762020012032,"@riadlem Celui de votre choix ü§û.

Jade.",Thu Oct 03 08:33:13 +0000 2019,OUIGO,561110221,0,0,1.1796638143773e+18
1179675498575728640,"@jrimbaud Sauf si le trajet en question est en travaux √† cette p√©riode üòâ.

Jade.",Thu Oct 03 08:32:10 +0000 2019,OUIGO,561110221,0,0,1.1796630141796106e+18
1179673552691351552,"@Vickyy_fr Bonjour, pouvez-vous m'envoyer en MP la r√©f√©rence du dossier, le nom et pr√©nom de l'acheteur ainsi que l'adresse mail et le num√©ro de t√©l renseign√©s lors de la r√©servation ? Merci, L√©o
[LIEN]",Thu Oct 03 08:24:26 +0000 2019,OUIGO,561110221,0,0,1.1796613173110129e+18
1179673303075737600,"@AdrienVRP Alors ce sont des travaux üòâ , ce qui est sur c'est qu'il n'y aura pas de train le matin pour votre trajet de toutes √©vidence.

L√©o.",Thu Oct 03 08:23:27 +0000 2019,OUIGO,561110221,0,0,1.1796721945212068e+18
1179673248218406913,"@Audrey_Dupas Bonjour Audrey,
Veuillez nous excuser pour la g√™ne occasionn√©e.
Bonne journ√©e, L√©o",Thu Oct 03 08:23:14 +0000 2019,OUIGO,561110221,0,0,1.1796589861126062e+18
1179671152207237125,"@Fliflo7 A votre service üòâ.

Jade.",Thu Oct 03 08:14:54 +0000 2019,OUIGO,561110221,0,0,1.1796563839705907e+18
1179670584927621120,"@DavidPap Bonjour David,
Aujourd'hui √©tant l'ouverture des ventes pour la p√©riode d'hiver, 
nos serveurs sont mis √† rudes √©preuves, je vous conseille de vider votre historique et vos caches de vos navigateurs.
J'esp√®re que vous allez r√©ussir √† finaliser votre commande.
Bonne journ√©e,L√©o.",Thu Oct 03 08:12:39 +0000 2019,OUIGO,561110221,0,0,1.1796565578119086e+18
1179670032177123328,"@AdrienVRP Il n'est pas complet, il n'est pas propos√© car il n'√©tait pas assez fr√©quent√© √† cet horaire pour √™tre gard√© pour cette ouverture de vente.

L√©o.",Thu Oct 03 08:10:27 +0000 2019,OUIGO,561110221,0,0,1.1796661286935962e+18
1179664962232422401,"@AdrienVRP La date d'ouverture est aujourd'hui, s'il n'est pas propos√©, c'est qu'il √† √©t√© victime de l'offre et la demande.

L√©o.",Thu Oct 03 07:50:18 +0000 2019,OUIGO,561110221,0,0,1.1796586523089838e+18
1179664913347891200,"@marlene69b Bonjour Marl√®ne,

Les ""supers prix"" peuvent partir tr√®s vite, certaines destinations √©tant tr√®s demand√©es., notamment en p√©riode de vacances scolaires.
Je vous invite √† consulter r√©guli√®rement notre site via la vue ""sur le mois"" lors du choix de votre trajet.

Bonne journ√©e,
L√©o",Thu Oct 03 07:50:07 +0000 2019,OUIGO,561110221,0,0,1.1796524611681362e+18
1179664164836519936,"@GuaellaV Bonjour, des travaux sont pr√©vus sur ce trajet et dans cette p√©riode, je vous conseil de faire une vu au mois afin de visualiser une autre date ou une autre gare de d√©part.",Thu Oct 03 07:47:08 +0000 2019,OUIGO,561110221,0,0,1.1796518707023913e+18
1179661425742155776,"@mrgxstr @SNCF @ouisncf Effectivement il s'agit d'une p√©riode de forte affluence, vous pouvez regarder les prix au mois pour voir ce qui correspond le mieux √† vos crit√®res de voyage.

Jade.",Thu Oct 03 07:36:15 +0000 2019,OUIGO,561110221,0,0,1.1796597576002806e+18
1179660135540678656,"@farton92 En effet il s'agit d'une p√©riode de forte affluence, tout les clients attendent pour faire leur r√©servation pour les vacances de No√´l, ceci explique que les prix montent rapidement.

Jade.",Thu Oct 03 07:31:07 +0000 2019,OUIGO,561110221,0,0,1.1796457430381115e+18
1179659282125602816,"@mrgxstr @SNCF @ouisncf Bonjour,
Pouvez-vous me dire pour quelle date et de quel trajet vous parlez s'il vous pla√Æt.
Bonne journ√©e, L√©o",Thu Oct 03 07:27:44 +0000 2019,OUIGO,561110221,0,0,1.1796531589031444e+18
1179657939507961856,"@AdrienVRP Il y a pourtant bien un trajet Nice-Paris Gare de Lyon disponible √† la vente le 20 janvier üòâ 
L√©o",Thu Oct 03 07:22:24 +0000 2019,OUIGO,561110221,0,0,1.1796564745130885e+18
1179654914378797059,"@AdrienVRP Bonjour, 

Le 7858 est bien ouvert √† la vente pour des voyages en janvier.
Je vous invite √† consulter r√©guli√®rement le site.

Bonne journ√©e,
L√©o",Thu Oct 03 07:10:23 +0000 2019,OUIGO,561110221,0,0,1.1796217441659535e+18
1179653309721989121,"@abdelmalik92 Bonjour,
Pouvez-vous m'envoyer en MP la r√©f√©rence du dossier, le nom et pr√©nom de l'acheteur ainsi que l'adresse mail et le num√©ro de t√©l renseign√©s lors de la r√©servation ? Merci, L√©a
[LIEN]",Thu Oct 03 07:04:00 +0000 2019,OUIGO,561110221,0,0,1.1796523755413668e+18
1179649037139677184,"@MissSioux Bonjour,

Effectivement, pas de CDG-Bordeaux ce jour l√†. Des travaux seront alors effectu√©s sur cette ligne.
Bonne journ√©e,
L√©o",Thu Oct 03 06:47:01 +0000 2019,OUIGO,561110221,0,0,1.1796182129310884e+18
1179648406312177664,"@guyaume @evoyageursSNCF @ouisncf @TGVINOUI @Intercites @ValerieChemla @JUL_NI @AlexandreViros @bbouffart @romain_ceyrat @Clohu @Blot_alexis @Garcia_Vincent @LauraXueizuop Bonjour, il s'agit de de journ√©es de forte influence, nous vous invitons √† consulter le calendrier des prix pour trouver nos prix d'appel.

Jade.",Thu Oct 03 06:44:31 +0000 2019,OUIGO,561110221,0,0,1.1796198350278697e+18
1179646371068035074,"@erwan9452 Bonjour,

Dans le cadre du d√©veloppement de son offre, OUIGO a √©t√© contraint de supprimer la desserte de Vitr√© pour privil√©gier les destinations qui √©taient plus demand√©es.

Rassurez-vous, vous pouvez toujours rejoindre Vitr√© Par TGV InOUI et TER.

Bonne journ√©e,
L√©o",Thu Oct 03 06:36:26 +0000 2019,OUIGO,561110221,0,0,1.1796214767413248e+18
1179636956164235270,"@Titi8357 Bonjour, pouvez-vous pr√©ciser votre recherche  destination, date, horaires...) pour que nous puissions v√©rifier de notre c√¥t√© ? Merci !",Thu Oct 03 05:59:01 +0000 2019,OUIGO,561110221,0,0,1.1796319106849423e+18
1179626607885144064,"@Lolipeg Bonjour, avec vos infos de votre voyage, nous avons un train de Toulon pour Paris gare de Lyon √† 15h47 arriv√©e 19h46, ou iil reste encore des places, mais rien pour 7h47.

Jade.",Thu Oct 03 05:17:54 +0000 2019,OUIGO,561110221,0,0,1.179615224162394e+18
1179625756789477379,"@adrienjoly @SNCF @trainline_fr A votre service Adrien üòâ.

Bonne journ√©e.

Jade.",Thu Oct 03 05:14:31 +0000 2019,OUIGO,561110221,1,0,1.179614416725332e+18
1179624961113251841,"@_luxinlisbon Bonjour, quel est votre jour de d√©part?

Jade.",Thu Oct 03 05:11:21 +0000 2019,OUIGO,561110221,0,0,1.179613304089727e+18
1179833919711129606,@_Falbala Ouigo s'implante petit √† petit et j'esp√®re aussi que la ville Quimper fera bient√¥t partie des dessertes Ouigo üòä  Bonne soir√©e L√©o,Thu Oct 03 19:01:41 +0000 2019,OUIGO,561110221,1,0,1.1798138383525028e+18
1179823251616419841,"@domitille_roger Bonsoir @domitille_roger,

Je remonte votre remarque ""√©colo"" üòâ aupr√®s du service concern√© qui √©tudiera votre proposition.

Bonne soir√©e,

L√©o.",Thu Oct 03 18:19:17 +0000 2019,OUIGO,561110221,0,0,1.1797971203726746e+18
1179812177592672256,"@_Falbala Bonsoir Falbala, Ouigo dessert Rennes! Si vous dites aux Rennais qu'ils ne sont pas Bretons, ils vont se vexer! üòâ Une superbe r√©gion  √† visiter!!! Bonne soir√©e √† vous L√©o",Thu Oct 03 17:35:17 +0000 2019,OUIGO,561110221,0,0,1.1797880061626655e+18
1179808508302299139,"@Sacha26_ Bonjour Sacha, le trajet Valence - Montpellier est r√©alisable avec Ouigo mais la suite du parcours pour le moment..... mais l'offre Ouigo se d√©veloppe üòâ  gardez espoir! Bonne soir√©e L√©o",Thu Oct 03 17:20:42 +0000 2019,OUIGO,561110221,1,0,1.1798071118423532e+18
1179805540379238400,"@Clinepetitpois @ouisncf @Clinepetitpois 

OUIGO ne dessert pas pour le moment la Belgique, je vous laisse voir √ßa avec nos amis de la SNCF, @ouisncf.

Bonne soir√©e

L√©o",Thu Oct 03 17:08:55 +0000 2019,OUIGO,561110221,0,0,1.1797843451266048e+18
1179804200324218881,"@kamel_069 Bonsoir Kamel, Ouigo grandit petit √† petit, gardons espoir üòâ Bonne soir√©e L√©a",Thu Oct 03 17:03:35 +0000 2019,OUIGO,561110221,0,0,1.1797839571073477e+18
1179797883891208192,"@DraciusL Bonjour, il y a d√©j√† plusieurs liaisons Ouigo au d√©part ou √† l'arriv√©e de la gare de N√Æmes üòâ Bonne soir√©e L√©a",Thu Oct 03 16:38:29 +0000 2019,OUIGO,561110221,0,0,1.1797778551249183e+18
1179769753138802689,"@AdrienVRP Nous vous pr√©sentons toutes nos excuses pour la mauvaise information üôè .
Nous vous confirmons que votre train de Nice √† Paris Gare de Lyon le 20 janvier 2020 circule bien.
Passez une tr√®s belle fin de journ√©e, L√©o",Thu Oct 03 14:46:42 +0000 2019,OUIGO,561110221,0,0,1.1797376807850885e+18
1179767842897612800,"@MathildeHunault @ouisncf Bonjour, pouvez-vous nous contacter en MP avec la r√©f√©rence du dossier, le nom et pr√©nom de l'acheteur ainsi que l'adresse mail et le num√©ro de t√©l renseign√©s lors de la r√©servation ? Merci, L√©o
[LIEN]",Thu Oct 03 14:39:07 +0000 2019,OUIGO,561110221,0,0,1.179759761853735e+18
1179763126948024320,"@triedtobepolite Pouvez-vous m'envoyer en MP la r√©f√©rence du dossier, le nom et pr√©nom de l'acheteur ainsi que l'adresse mail et le num√©ro de t√©l renseign√©s lors de la r√©servation ? Merci, Mya
[LIEN]",Thu Oct 03 14:20:23 +0000 2019,OUIGO,561110221,0,0,1.179756564594471e+18
1179761221307908097,"@Ali_BT_77 Bonjour Ali, pour l'instant, cette gare n'est pas encore desservie par Ouigo. Bonne journ√©e L√©a",Thu Oct 03 14:12:48 +0000 2019,OUIGO,561110221,0,0,1.1797418108114452e+18
1179759422920433664,"@MathildeHunault @ouisncf TGVINOUI et OUIGO √©tant deux offres diff√©rentes, nous ne pouvons rembourser un billet TGVINOUI.
De plus, les √©changes s'effectuent exclusivement sur notre site officiel üëâ : [LIEN]. L√©o.",Thu Oct 03 14:05:39 +0000 2019,OUIGO,561110221,0,0,1.179746983701037e+18
1179750348824731648,"@triedtobepolite Bonjour,
Si vous avez un soucis pour utiliser votre bon d'achat, n'h√©sit√© pas si je peux vous aider.
Bonne journ√©e, Mya",Thu Oct 03 13:29:36 +0000 2019,OUIGO,561110221,0,0,1.1797281846376243e+18
1179747689812156416,"@sharmanight Bonjour, OUIGO ne propose pas d'abonnement ou de carte de r√©duction.
Je pense que vous fa√Ætes r√©f√©rence au TGVINOUI üòâ . Je vous invite √† voir directement avec le service concern√©.
Bon apr√®s-midi. L√©o.",Thu Oct 03 13:19:02 +0000 2019,OUIGO,561110221,0,0,1.179724545814618e+18
1179746723687784448,"@MathildeHunault @ouisncf Bonjour, comme bien expliqu√© dans la capture d'√©cran que vous nous communiquez, les frais d'√©change et la diff√©rence tarifaire vous seront rembours√©s, sur simple demande au service client.
Bon apr√®s-midi. L√©o.",Thu Oct 03 13:15:12 +0000 2019,OUIGO,561110221,0,0,1.179716000763306e+18
1179744918945849347,@serwalfang Nous essayons de vous r√©pondre par message direct. Merci de nous suivre sur twitter pour que nous puissions vous l'envoyer.,Thu Oct 03 13:08:01 +0000 2019,OUIGO,561110221,0,0,1.179720627579695e+18
1179741772001550342,"@JOSHUAMSTERDAM Bonjour Joshua,
Pour votre voyage jusqu'√† Bordeaux, je vous invite √† refaire votre recherche.
Je viens d‚Äôessayer de mon c√¥t√© et √ßa fonctionne.
Bonne journ√©e, Mya",Thu Oct 03 12:55:31 +0000 2019,OUIGO,561110221,0,0,1.1797130467527025e+18
1179733781793705985,"@tolissotom Bonjour,
Pour faire ce voyage avec nos services, il va vous falloir le faire en deux partie avec un changement de train et de gare sur Paris.
Bonne journ√©e, Mya",Thu Oct 03 12:23:46 +0000 2019,OUIGO,561110221,0,0,1.1797104426687775e+18
1179731886777741319,"@GuaellaV A votre service.
Maintenant, il ne vous reste plus qu'√† en profiter pour voyager.
Passez une tr√®s belle journ√©e, L√©o",Thu Oct 03 12:16:14 +0000 2019,OUIGO,561110221,1,0,1.1797186517605622e+18
1179728968385204224,"@convenant_jean Bonjour, effectivement, il est bien pr√©cis√© sur notre site que le bagage cabine ne doit pas d√©passer les dimensions suivantes : 55 x 35 x 25 cm.
Au-del√†, il faut souscrire √† l'option bagage suppl√©mentaire propos√©e √† 5 euros sur notre site.
Bonne journ√©e. L√©a.",Thu Oct 03 12:04:39 +0000 2019,OUIGO,561110221,0,0,1.1796905553805722e+18
1180016761820848128,"@ST2Steacher Bonjour, nous ne proposons pas ce trajet.
Votre suggestion sera transmise au service concern√©.
Bonne journ√©e √† vous
Mya",Fri Oct 04 07:08:14 +0000 2019,OUIGO,561110221,0,0,1.1799901880319754e+18
1180015885182029825,"@nayanananou @_Falbala Bonjour, des voyages sont en effet propos√©s √† un tarif plus √©lev√© pour les vacances scolaires.
Les dates concern√©es sont des journ√©es de grandes influences.
Nous vous invitons √† consulter le calendrier des prix pour trouver nos prix d'appel pour cette p√©riode.
Bonne journ√©e, Mya",Fri Oct 04 07:04:45 +0000 2019,OUIGO,561110221,0,0,1.179836602111185e+18
1180014794516160513,"@VOfromMARS @metropolerennes Bonjour, tous les trains sont disponibles sur notre site.
Nous vous invitons √† choisir un autre trajet.
Celui ci ne sera surement pas remis √† la vente.
Bonne journ√©e √† vous
Mya",Fri Oct 04 07:00:25 +0000 2019,OUIGO,561110221,0,0,1.1798426323333652e+18
1180002143165669376,"@VOfromMARS @CQMDCQMD Bonjour, pouvez-vous m'exposer votre probl√®me en MP, je pourrai peut √™tre vous aider.
Merci, Mya
[LIEN]",Fri Oct 04 06:10:08 +0000 2019,OUIGO,561110221,0,0,1.179848720864727e+18
1179998450592751617,"@243Cricri Bonjour,

Certains voyages sont en effet propos√©s √† des tarifs plus √©lev√©s, les dates concern√©es √©tant des journ√©es de grande affluence. 
Vous pouvez consulter notre site et trouver d'autres petits prix en utilisant la vue ""sur le mois"" lors du choix de votre trajet.

L√©o",Fri Oct 04 05:55:28 +0000 2019,OUIGO,561110221,0,0,1.1798360285778125e+18
1180069869972271104,"@DomisyOffi Bonjour,

Je transmets votre demande au service concern√© et, en attendant, je vous propose de vous inscrire √† notre newsletter pour ne rien rater de notre actualit√© : [LIEN].

Bonne journ√©e,

Samir",Fri Oct 04 10:39:16 +0000 2019,OUIGO,561110221,0,0,1.180059496825135e+18
1180068853256265729,"@KevinLeRiguer2 Bonjour,
Nous avons modifi√© notre offre en fonction du nombre de demandes pour certains trajets.
Bonne journ√©e,
Samir",Fri Oct 04 10:35:13 +0000 2019,OUIGO,561110221,1,0,1.1800596862818632e+18
1180064561317199872,"@delormeelise3 Bonjour,
L'info sur les bagages appara√Æt clairement lors du processus de r√©servation. il ne faut pas n√©cessairement passer par l'appli, comme vous pouvez le constater sur la capture d'√©cran ci-jointe.
Bonne journ√©e,
Samir [LIEN]",Fri Oct 04 10:18:10 +0000 2019,OUIGO,561110221,0,0,1.1800598395250033e+18
1180057937852715008,"@sebLo15 Bonjour,
Pour tout probl√®me li√© √† votre confort, je vous invite √† vous rapprocher du Chef de Bord.
Bonne journ√©e,
Samir",Fri Oct 04 09:51:51 +0000 2019,OUIGO,561110221,0,0,1.1800431219477545e+18
1180027739786682368,"@sylbe Bonjour, actuellement le train 7829 n'affiche pas de retard.
Nous vous invitons √† vous diriger vers le personnel de bord pour plus d‚Äôinformations concernant votre voyage.
Bonne journ√©e √† vous.
Mya",Fri Oct 04 07:51:51 +0000 2019,OUIGO,561110221,0,0,1.1800133173745132e+18
1180115558861287424,"@Rodwiguee @elhamryad @ouisncf @SNCF Bonjour,

Navr√© pour la situation mais le train n¬∞7869 a √©t√© fortement retard√© suite √† une panne de mat√©riel.

Son heure de d√©part est actuellement pr√©vue √† 15:52.

Je constate que certains passagers ont pu √™tre report√©s dans d'autre trains.

Bon courage √† tous.

Max",Fri Oct 04 13:40:49 +0000 2019,OUIGO,561110221,0,0,1.1801107143143995e+18
1180190568766464000,@JulienPeyrat Nous essayons de vous r√©pondre par message direct. Merci de nous suivre sur twitter pour que nous puissions vous l'envoyer.,Fri Oct 04 18:38:53 +0000 2019,OUIGO,561110221,0,0,1.1801577175598162e+18
1180136196632121348,"@hahahaninou @Rodwiguee @elhamryad @ouisncf @SNCF A cette distance, nous ne sommes pas d√©cisionnaires, pour autant une prise en charge vous sera propos√©e une fois valid√©e.

Bon Courage √† toutes et √† tous.

L√©o",Fri Oct 04 15:02:49 +0000 2019,OUIGO,561110221,0,0,1.1801180454293094e+18
1180133075210162181,"@elhamryad @Rodwiguee @ouisncf @SNCF @elhamryad 

je ne peux pas connaitre la prise en charge qui sera propos√©e aux clients, n'√©tant pas en gare.

Mais rassurez vous qu'elles se pr√©sentent aupr√®s du personnel SNCF en gare, elles seront prises en charge.

Max",Fri Oct 04 14:50:25 +0000 2019,OUIGO,561110221,0,0,1.1801167739595448e+18
1180130757270003717,"@Nastia0498 Bonjour,

Pouvez-vous m'envoyer en MP la r√©f√©rence du dossier, le nom et pr√©nom de l'acheteur ainsi que l'adresse mail et le num√©ro de t√©l renseign√©s lors de la r√©servation ?
Merci, L√©a

[LIEN]",Fri Oct 04 14:41:12 +0000 2019,OUIGO,561110221,0,0,1.180123058557739e+18
1180127495707922432,"@Rodwiguee @elhamryad @ouisncf @SNCF Pouvez-vous m'envoyer en MP la r√©f√©rence du dossier, le nom et pr√©nom de l'acheteur ainsi que l'adresse mail et le num√©ro de t√©l renseign√©s lors de la r√©servation ? 
Merci, Mya
[LIEN]",Fri Oct 04 14:28:15 +0000 2019,OUIGO,561110221,0,0,1.180116089684025e+18
1180123875104972802,"@Paris @marseille @villedelyon Mais finalement, les vrais gagnants, ce sont celles et ceux qui ont vot√© üòÅ Nous allons tirer au sort 5 personnes qui remporteront un bon d'achat OUIGO pour se rendre dans la destination de leur choix. Annonce des gagnants lundi 07/10 en r√©ponse √† ce tweet. Bon week-end  !üöÑ",Fri Oct 04 14:13:52 +0000 2019,OUIGO,561110221,9,1,1.180123073414144e+18
1180123073414144005,"Bonjour √† tous, les votes sont maintenant termin√©s. Et c'est @Paris qui est √©lue Meilleure Destination OUIGO ! üëè Vous avez la Tour Eiffel, mais vous n'avez pas la mer, alors bravo @marseille qui arrive en 2e position, et √† @villedelyon qui se place en 3e position !",Fri Oct 04 14:10:40 +0000 2019,OUIGO,561110221,17,0,1.179661157696725e+18
1180123006196166657,"@HugoBuisson3 @mazzill_paola Bonjour Hugo,
Pouvez-vous m'envoyer en MP la r√©f√©rence du dossier, le nom et pr√©nom de l'acheteur ainsi que l'adresse mail et le num√©ro de t√©l renseign√©s lors de la r√©servation ? Merci, L√©a
[LIEN]",Fri Oct 04 14:10:24 +0000 2019,OUIGO,561110221,0,0,1.1801111953423606e+18
1180478534852268033,"@ElbesoenlaLuna Merci √† vous de votre compr√©hension, excellente journ√©e, Max.",Sat Oct 05 13:43:09 +0000 2019,OUIGO,561110221,1,0,1.1804771006225244e+18
1180474166228729858,@ElbesoenlaLuna Oui vous pouvez demander un recr√©dit via l'adresse du Service Client fournie pr√©c√©demment. L'argent sera revers√© sur le compte ayant servi √† la r√©servation. Max.,Sat Oct 05 13:25:48 +0000 2019,OUIGO,561110221,1,0,1.1804709883724145e+18
1180462281097912322,"@ElbesoenlaLuna Bonjour, nos Bons d'Achat ne sont utilisables que sur notre site [LIEN]. S'il ne marche toujours pas,  je vous invite √† contacter le Service Client via ce lien : [LIEN] . A votre service, Max.",Sat Oct 05 12:38:34 +0000 2019,OUIGO,561110221,0,0,1.1804577150737818e+18
1180460859790893057,"@_Iam_Nobody_ @ouisncf Bonjour, oui il vous suffit de faire une demande de recr√©dit bancaire aupr√®s de notre Service Client via le Formulaire de Contact ([LIEN]). A votre service, Max.",Sat Oct 05 12:32:55 +0000 2019,OUIGO,561110221,0,0,1.180457064646226e+18
1180420877491609602,"@_Iam_Nobody_ @ouisncf En quoi puis je vous aider?
Nous sommes navr√©s de cet incident.
Cependant, concernant les d√©dommagements, ils seront envoy√©s automatiquement sur votre adresse mail dans les 48 heures apr√®s votre voyage.
Bonne fin de voyage malgr√© ce f√¢cheux contretemps.
Mya",Sat Oct 05 09:54:03 +0000 2019,OUIGO,561110221,0,0,1.180419262172799e+18
1180418431822303232,"@_Iam_Nobody_ @ouisncf Afin de vous donner de plus amples information, pouvez vous me communiquer votre  numero de dossier ouigo.
De plus, pouvez vous me dire ou en √™tes vous de votre voyage?
merci",Sat Oct 05 09:44:19 +0000 2019,OUIGO,561110221,0,0,1.180416427070804e+18
1180414759197462528,"@_Iam_Nobody_ @ouisncf Bonjour, pouvez vous me communiquer votre num√©ro de train 
Merci Mya",Sat Oct 05 09:29:44 +0000 2019,OUIGO,561110221,0,0,1.180411610478891e+18
1180720809402339328,"@YannisZimm @SNCF @surcotweet @TCL_SYTRAL Bonjour Yannis, votre demande ne concerne pas Ouigo. 
Nous vous renvoyons vers la Sncf ou Ter
Bonne journ√©e
Mya",Sun Oct 06 05:45:52 +0000 2019,OUIGO,561110221,0,0,1.1805961182136484e+18
1180883814643580934,@CvlCarla Nous essayons de vous r√©pondre par message direct. Merci de nous suivre sur twitter pour que nous puissions vous l'envoyer.,Sun Oct 06 16:33:35 +0000 2019,OUIGO,561110221,1,0,1.180882006655275e+18
1180815901408538624,"@MailysPlum Les conditions d'accueil-embarquement sont clairement d√©finies et r√®glement√©es.
Comme pr√©cis√© dans le lien üëâ  [LIEN] , l'acc√®s au train est refus√© 5 minutes avant le d√©part.
Max",Sun Oct 06 12:03:44 +0000 2019,OUIGO,561110221,0,0,1.180814198487552e+18
1180813630012559361,"@MailysPlum Bonjour, pourquoi ne pouvez vous pas monter dans votre train?
Tous les voyageurs pr√©sents 30' avant le d√©part du train ne rencontrent pas de probl√®me.
Max",Sun Oct 06 11:54:42 +0000 2019,OUIGO,561110221,0,0,1.1808093550479032e+18
1180800738882211840,"@temowking @SNCF Bonjour, je vous invite √† vous rapprocher du personnel de bord (voiture 4 ou 14) et de lui en faire part.
Bon voyage. Max",Sun Oct 06 11:03:29 +0000 2019,OUIGO,561110221,0,0,1.1808000839458243e+18
1180753504706715648,"@mini_pirates Bonjour, si ce type de sac est votre bagage √† main, il est accept√© √† bord de nos trains.
Pensez √† respecter les dimensions.
Voici un lien pour vous aider : [LIEN]
Bonne joun√©e
Mya",Sun Oct 06 07:55:47 +0000 2019,OUIGO,561110221,1,0,1.1807522910806057e+18
