id,text,data,user,user_id,favorite_cnt,retweet_cnt,reply_to_id
1177263520406298624,"@CrisAnglaret Bonsoir, afin que nous puissions vous apporter notre aide, pouvez-vous s‚Äôil vous pla√Æt nous en dire plus en message priv√© [LIEN] ? Merci",Thu Sep 26 16:47:50 +0000 2019,Soci√©t√© G√©n√©rale et Vous,263120380,0,0,1177261066960691201
1177215243652685824,"@superbabotes Si vous √™tes h√©berg√©, une attestation d'h√©bergement et la pi√®ce d'identit√© de votre h√©bergeur vous seront demand√©es. Vous pouvez prendre un rendez-vous dans l'agence de votre choix au 3955 (appel non surtax√©) et dites ""rendez-vous"". Bonne jouegenerale 3/3",Thu Sep 26 13:36:00 +0000 2019,Soci√©t√© G√©n√©rale et Vous,263120380,0,0,1177184146126462978
1177214704168706048,"@superbabotes Un justificatif de revenus (bulletin de salaire, contrat de travail, attestation employeur, dernier avis d‚Äôimposition...) et une pi√®ce d'identit√© officielle en cours de validit√© comportant votre photo et votre signature. 2/3 cc @societegenerale",Thu Sep 26 13:33:51 +0000 2019,Soci√©t√© G√©n√©rale et Vous,263120380,0,0,1177184146126462978
1177214567006519297,"@superbabotes Bonjour, nous vous remercions de l'int√©r√™t que vous portez √† Soci√©t√© G√©n√©rale. Pour ouvrir un compte, il vous sera demand√© un justificatif de domicile datant de moins de 3 mois (quittance EDF/GDF, quittance de loyer, facture de t√©l√©phone fixe‚Ä¶) 1/3 cc @societegenerale",Thu Sep 26 13:33:19 +0000 2019,Soci√©t√© G√©n√©rale et Vous,263120380,0,0,1177184146126462978
1177213704288559104,"@ViToPosey Bonjour, nous sommes navr√©s de la situation. Afin que nous puissions vous apporter notre aide, pouvez-vous s‚Äôil vous pla√Æt nous en dire plus en message priv√© [LIEN] ? Merci cc @societegenerale",Thu Sep 26 13:29:53 +0000 2019,Soci√©t√© G√©n√©rale et Vous,263120380,1,0,1177211596680155136
1177211039957639168,"@Ninouvst Bonjour, afin que nous puissions vous apporter notre aide, pouvez-vous s‚Äôil vous pla√Æt nous en dire plus en message priv√© [LIEN] ?",Thu Sep 26 13:19:18 +0000 2019,Soci√©t√© G√©n√©rale et Vous,263120380,0,0,1177192138578235392
1177210961515732992,"@_Riveline @SocieteGenerale Bonjour, ces vid√©os tutos pourront vous √™tre utiles [LIEN] On reste √† votre √©coute.",Thu Sep 26 13:18:59 +0000 2019,Soci√©t√© G√©n√©rale et Vous,263120380,0,0,1177206732952678400
1177160767617085440,"@Gromouk Bonjour, afin que nous puissions vous apporter notre aide, pouvez-vous s‚Äôil vous pla√Æt nous en dire plus en message priv√© [LIEN] ? Merci",Thu Sep 26 09:59:32 +0000 2019,Soci√©t√© G√©n√©rale et Vous,263120380,0,0,1176922105121857536
1177158502109851650,"@Coslo212 Bonjour, nous sommes navr√©s de cette situation.
Afin que nous puissions vous apporter notre aide, pouvez-vous s‚Äôil vous pla√Æt nous en dire plus en message priv√© [LIEN] ?
Merci",Thu Sep 26 09:50:32 +0000 2019,Soci√©t√© G√©n√©rale et Vous,263120380,0,0,1177087641872977920
1177158281376272384,"@caducia @SocieteGenerale Bonjour, nous sommes navr√©s de cette situation. 
Afin que nous puissions vous apporter notre aide, pouvez-vous s‚Äôil vous pla√Æt nous en dire plus en message priv√© [LIEN] ?
Merci",Thu Sep 26 09:49:39 +0000 2019,Soci√©t√© G√©n√©rale et Vous,263120380,0,0,1177131418553671681
1177158229274570752,"@ClaudePaireBx Bonjour, afin que nous puissions vous apporter notre aide, pouvez-vous s‚Äôil vous pla√Æt nous en dire plus en message priv√© [LIEN] ? Merci cc @societegenerale",Thu Sep 26 09:49:27 +0000 2019,Soci√©t√© G√©n√©rale et Vous,263120380,0,0,1177065254158839808
1177157747122593792,"@DiaboloChamp Bonjour, afin que nous puissions vous apporter notre aide, pouvez-vous s‚Äôil vous pla√Æt nous en dire plus en message priv√© [LIEN] ? cc @societegenerale
Merci",Thu Sep 26 09:47:32 +0000 2019,Soci√©t√© G√©n√©rale et Vous,263120380,0,0,1177155907828015104
1177156099612532736,"@LibrairieV Bonjour, nous sommes navr√©s de cette situation. Afin que nous puissions vous apporter notre aide, pouvez-vous s‚Äôil vous pla√Æt nous en dire plus en message priv√© [LIEN] ? Merci",Thu Sep 26 09:40:59 +0000 2019,Soci√©t√© G√©n√©rale et Vous,263120380,0,0,1177149653051199488
1177149084127453185,"@FrancieGaming @OL Bonjour Romain, afin que nous puissions vous apporter notre aide, pouvez-vous s‚Äôil vous pla√Æt nous en dire plus en message priv√© [LIEN] ?
Merci",Thu Sep 26 09:13:06 +0000 2019,Soci√©t√© G√©n√©rale et Vous,263120380,0,0,1177143252606173186
1177129404763385856,"@DofounouIndra Bonjour Indra, nous sommes navr√©s de cette situation. Afin que nous puissions vous apporter notre aide, pouvez-vous s‚Äôil vous pla√Æt nous en dire plus en message priv√© [LIEN] ?
Merci",Thu Sep 26 07:54:54 +0000 2019,Soci√©t√© G√©n√©rale et Vous,263120380,0,0,1176932449743462402
1177129032732880896,"@DadoSilly Bonjour, afin que nous puissions vous apporter notre aide, pouvez-vous s‚Äôil vous pla√Æt nous en dire plus en message priv√© [LIEN] ?",Thu Sep 26 07:53:26 +0000 2019,Soci√©t√© G√©n√©rale et Vous,263120380,0,0,1176955384956882944
1176872405857382400,"@oladbrkt Comme propos√© hier, afin que nous puissions vous apporter notre aide, pouvez-vous s‚Äôil vous pla√Æt nous en dire plus en message priv√© [LIEN] ? Merci",Wed Sep 25 14:53:41 +0000 2019,Soci√©t√© G√©n√©rale et Vous,263120380,0,0,1176498937336872960
1176866309537193984,@Inoobliable Nous vous remercions pour votre message en priv√© et vous prenons en charge via ce canal.,Wed Sep 25 14:29:27 +0000 2019,Soci√©t√© G√©n√©rale et Vous,263120380,0,0,1176865718719143936
1176865955810566144,"@Futur_Z @SocieteGenerale Bonjour, nous sommes navr√©s de votre ressenti. Notre √©quipe est √† votre √©coute en message priv√© [LIEN] si vous le souhaitez. Bonne journ√©e",Wed Sep 25 14:28:03 +0000 2019,Soci√©t√© G√©n√©rale et Vous,263120380,0,0,1176862875513688064
1176864673565687808,"@Inoobliable Bonjour, afin que nous puissions vous apporter notre aide, pouvez-vous s‚Äôil vous pla√Æt nous en dire plus en message priv√© [LIEN] ? Merci",Wed Sep 25 14:22:57 +0000 2019,Soci√©t√© G√©n√©rale et Vous,263120380,0,0,1176863967060418565
1176862289955315713,"@tumtum_cs Bonjour, afin que nous puissions vous apporter notre aide, pouvez-vous s‚Äôil vous pla√Æt nous en dire plus en message priv√© [LIEN] ? Merci",Wed Sep 25 14:13:29 +0000 2019,Soci√©t√© G√©n√©rale et Vous,263120380,0,0,1176854047070052355
1176862275912818689,"@MajusC00L Bonjour, nous sommes navr√©s de cette situation, afin que nous puissions vous apporter notre aide, pouvez-vous s‚Äôil vous pla√Æt nous en dire plus en message priv√© [LIEN] en nous indiquant votre pr√©nom, votre nom et le nom de votre agence ? Merci cc @societegenerale",Wed Sep 25 14:13:26 +0000 2019,Soci√©t√© G√©n√©rale et Vous,263120380,0,0,1176836130471366656
1176861629939671040,"@rainbowarrior31 @SocieteGenerale Bonjour, afin que nous puissions vous apporter notre aide, pouvez-vous s‚Äôil vous pla√Æt nous en dire plus en message priv√© [LIEN] ?",Wed Sep 25 14:10:52 +0000 2019,Soci√©t√© G√©n√©rale et Vous,263120380,0,0,1176856570036195329
1176835660554100736,"@Abso_leil Bonjour, nous ne proposons pas encore de carte JoJo's Bizarre Adventure mais partageons votre suggestion en interne. En attendant, vous trouverez nos 191 visuels disponibles ici [LIEN] A votre √©coute en DM [LIEN] si besoin. Bonne journ√©e",Wed Sep 25 12:27:40 +0000 2019,Soci√©t√© G√©n√©rale et Vous,263120380,0,0,1176818282109833216
1176810710468370433,"@TheMergueZz @SocieteGenerale Bonjour, nous venons de revenir vers vous en message priv√©. Bonne journ√©e",Wed Sep 25 10:48:32 +0000 2019,Soci√©t√© G√©n√©rale et Vous,263120380,0,0,1176808605221380096
1176809292277735430,"@corsicaweb @SocieteGenerale Bonjour, en effet les cartes Pro ne sont pas encore compatibles Apple Pay. Nous partageons n√©anmoins votre message avec les √©quipes en charge et restons √† votre √©coute en DM [LIEN] si besoin. Bonne journ√©e",Wed Sep 25 10:42:53 +0000 2019,Soci√©t√© G√©n√©rale et Vous,263120380,0,0,1176773964775022593
1176809036152545281,"@J_B_D_L @SocieteGenerale Bonjour, nous sommes navr√©s de cette situation. Afin que nous puissions vous apporter notre aide, pouvez-vous s‚Äôil vous pla√Æt nous en dire plus en message priv√© [LIEN] ? Merci",Wed Sep 25 10:41:52 +0000 2019,Soci√©t√© G√©n√©rale et Vous,263120380,0,0,1176778129261682688
1176808880740978688,"@BelliniChr Bonjour, nous sommes navr√©s cette situation. Afin que nous puissions vous apporter notre aide, pouvez-vous s‚Äôil vous pla√Æt nous en dire plus en message priv√© [LIEN] ? Merci cc @societegenerale",Wed Sep 25 10:41:15 +0000 2019,Soci√©t√© G√©n√©rale et Vous,263120380,0,0,1176549749417271296
1176808579329867776,"@J_B_D_L @SocieteGenerale Bonjour, afin que nous puissions vous apporter notre aide, pouvez-vous s‚Äôil vous pla√Æt nous en dire plus en message priv√© [LIEN] ?",Wed Sep 25 10:40:04 +0000 2019,Soci√©t√© G√©n√©rale et Vous,263120380,0,0,1176778129261682688
1176786816046948354,"@haltarys Bonjour, seul le visuel de votre carte est inclus dans cette option, mais vous pouvez d√©couvrir nos solutions d'√©pargne ici [LIEN]
A votre √©coute en DM [LIEN] si besoin. Bonne journ√©e",Wed Sep 25 09:13:35 +0000 2019,Soci√©t√© G√©n√©rale et Vous,263120380,0,0,1176784639974891520
1176782458878136320,"@DavidMic1 @SocieteGenerale Bonjour, afin que nous puissions vous apporter notre aide, pouvez-vous s‚Äôil vous pla√Æt nous en dire plus en message priv√© [LIEN] ?",Wed Sep 25 08:56:16 +0000 2019,Soci√©t√© G√©n√©rale et Vous,263120380,0,0,1176498080650280960
1176767873609601025,"@HakaiOfficiel @AnisterzSNCF Bonjour, afin que nous puissions vous apporter notre aide, pouvez-vous s‚Äôil vous pla√Æt nous en dire plus en message priv√© [LIEN] ?",Wed Sep 25 07:58:19 +0000 2019,Soci√©t√© G√©n√©rale et Vous,263120380,0,0,1176528337432469504
1176767794182021120,"@meganaze @SocieteGenerale Bonjour, afin que nous puissions vous apporter notre aide, pouvez-vous s‚Äôil vous pla√Æt nous en dire plus en message priv√© [LIEN] ?",Wed Sep 25 07:58:00 +0000 2019,Soci√©t√© G√©n√©rale et Vous,263120380,0,0,1176572662430044160
1176767712967761926,"@Laflaaaare_ @SocieteGenerale Bonjour, afin que nous puissions vous apporter notre aide, pouvez-vous s‚Äôil vous pla√Æt nous en dire plus en message priv√© [LIEN] ?",Wed Sep 25 07:57:40 +0000 2019,Soci√©t√© G√©n√©rale et Vous,263120380,0,0,1176535620631420928
1176767612530941953,"@richeesseee Bonjour, afin que nous puissions vous apporter notre aide, pouvez-vous s‚Äôil vous pla√Æt nous en dire plus en message priv√© [LIEN] ?",Wed Sep 25 07:57:16 +0000 2019,Soci√©t√© G√©n√©rale et Vous,263120380,0,0,1176557235310342145
1176767554829922304,"@Chicandrebel Bonjour, n'h√©sitez pas √† param√©trer dans votre appli l'envoi des notifications ! Bonne journ√©e.",Wed Sep 25 07:57:03 +0000 2019,Soci√©t√© G√©n√©rale et Vous,263120380,0,0,1176765674074587137
1176764243401728000,"@EdParadox Bonjour, nous restons √† votre √©coute si besoin en DM. cc @societegenerale",Wed Sep 25 07:43:53 +0000 2019,Soci√©t√© G√©n√©rale et Vous,263120380,0,0,1176645980911013888
1176756314707496960,"@b_dannoo Bonjour, afin que nous puissions vous apporter notre aide, pouvez-vous s‚Äôil vous pla√Æt nous en dire plus en message priv√© [LIEN] ? Merci",Wed Sep 25 07:12:23 +0000 2019,Soci√©t√© G√©n√©rale et Vous,263120380,0,0,1176595896609509376
1176514254326943744,"@oladbrkt Bonjour, afin que nous puissions vous apporter notre aide, pouvez-vous s‚Äôil vous pla√Æt nous en dire plus en message priv√© [LIEN] ? Merci cc @societegenerale",Tue Sep 24 15:10:31 +0000 2019,Soci√©t√© G√©n√©rale et Vous,263120380,0,0,1176498937336872960
1176508098946752512,"@Kerry77d Bonjour, nous sommes sinc√®rement navr√©s de cette situation, pouvez-vous s‚Äôil vous pla√Æt nous en dire plus en message priv√© [LIEN] ? Merci cc @societegenerale",Tue Sep 24 14:46:03 +0000 2019,Soci√©t√© G√©n√©rale et Vous,263120380,0,0,1176500241463500800
1176496144630931456,"@owN_n5 Bonjour, afin que nous puissions vous apporter notre aide, pouvez-vous s‚Äôil vous pla√Æt nous en dire plus en message priv√© [LIEN] ?",Tue Sep 24 13:58:33 +0000 2019,Soci√©t√© G√©n√©rale et Vous,263120380,0,0,1176486554396758016
1176474613112549376,"@guyzux19 Bonjour, nous sommes navr√©s de cette situation. Afin que nous puissions vous apporter notre aide, pouvez-vous s‚Äôil vous pla√Æt nous en dire plus en message priv√© [LIEN] ?
CC @societegenerale",Tue Sep 24 12:33:00 +0000 2019,Soci√©t√© G√©n√©rale et Vous,263120380,0,0,1176468360038637570
1176467317112418306,"@Ludovic_Subran @SocieteGenerale Bonjour, afin que nous puissions vous apporter notre aide, pouvez-vous s‚Äôil vous pla√Æt nous en dire plus en message priv√© [LIEN] ?",Tue Sep 24 12:04:00 +0000 2019,Soci√©t√© G√©n√©rale et Vous,263120380,0,0,1176463099018321923
1176418766135136256,"@bocgabriela1 Bonjour, afin que nous puissions vous apporter notre aide, pouvez-vous s‚Äôil vous pla√Æt nous en dire plus en message priv√© [LIEN] ?",Tue Sep 24 08:51:05 +0000 2019,Soci√©t√© G√©n√©rale et Vous,263120380,0,0,1176182737121763328
1176413115849818112,"@PolandPologne Bonjour, afin que nous puissions vous apporter notre aide, pouvez-vous s‚Äôil vous pla√Æt nous en dire plus en message priv√© [LIEN] ? Merci",Tue Sep 24 08:28:38 +0000 2019,Soci√©t√© G√©n√©rale et Vous,263120380,0,0,1176408947282104320
1176412613661478912,"@floriangroovel Bonjour, nous sommes navr√©s de votre ressenti, pouvez-vous s‚Äôil vous pla√Æt nous en dire plus en message priv√© [LIEN] ? Merci cc @societegenerale",Tue Sep 24 08:26:38 +0000 2019,Soci√©t√© G√©n√©rale et Vous,263120380,1,0,1176409418101080064
1176403786895679488,"@caducia @SocieteGenerale Bonjour, voici le lien concernant la gestion des donn√©es personnelles chez Soci√©t√© G√©n√©rale : [LIEN] Nous restons √† votre √©coute en message priv√© si besoin. cc @SocieteGenerale",Tue Sep 24 07:51:33 +0000 2019,Soci√©t√© G√©n√©rale et Vous,263120380,0,0,1176187893158678528
1176396460927201281,"@LionelJeanjeau @SocieteGenerale Bonjour, vous trouverez en page 41 de notre brochure tarifaire nos perceptions li√©es au r√®glement d'une succession [LIEN]. On vous √©coute en priv√© [LIEN] Bonne journ√©e",Tue Sep 24 07:22:27 +0000 2019,Soci√©t√© G√©n√©rale et Vous,263120380,0,0,1176376291655901185
1176393227320156161,"@Gabizinizini Bonjour, afin que nous puissions vous apporter notre aide, pouvez-vous s‚Äôil vous pla√Æt nous en dire plus en message priv√© [LIEN] ?",Tue Sep 24 07:09:36 +0000 2019,Soci√©t√© G√©n√©rale et Vous,263120380,0,0,1176189785146372097
1176157607175884801,"@owN_n5 Bonjour, afin que nous puissions vous apporter notre aide, pouvez-vous s‚Äôil vous pla√Æt nous en dire plus en message priv√© [LIEN] ? Merci",Mon Sep 23 15:33:20 +0000 2019,Soci√©t√© G√©n√©rale et Vous,263120380,0,0,1176157199334346753
1176137579898556419,"@irving_off Bonjour, nous venons de vous apporter une r√©ponse √† vos messages priv√©s. Nous restons √† votre √©coute.",Mon Sep 23 14:13:45 +0000 2019,Soci√©t√© G√©n√©rale et Vous,263120380,0,0,1176135544037871617
1176134679377915905,"@korido @SocieteGenerale Bonjour, on fait remonter votre remarque aux √©quipes en charge du sujet. Nous vous remercions et vous souhaitons une excellente fin de journ√©e.",Mon Sep 23 14:02:13 +0000 2019,Soci√©t√© G√©n√©rale et Vous,263120380,0,0,1175383599815770117
1176131369266745344,"@bvauchelle @SocieteGenerale Bonjour, afin que nous puissions vous apporter notre aide, pouvez-vous s‚Äôil vous pla√Æt nous en dire plus en message priv√© [LIEN] ?",Mon Sep 23 13:49:04 +0000 2019,Soci√©t√© G√©n√©rale et Vous,263120380,0,0,1176000517782364160
1176121452917153792,"@MiyuRanus Bonjour, afin que nous puissions vous apporter notre aide, pouvez-vous s‚Äôil vous pla√Æt nous en dire plus en message priv√© [LIEN] en nous transf√©rant une capture d'√©cran ? Merci",Mon Sep 23 13:09:40 +0000 2019,Soci√©t√© G√©n√©rale et Vous,263120380,0,0,1176114258897178624
1176118715471077377,"@MTagedine Bonjour, nous vous remercions pour vos messages priv√©s auxquels nous venons de r√©pondre. Nous restons √† votre √©coute et vous souhaitons une bonne journ√©e.",Mon Sep 23 12:58:47 +0000 2019,Soci√©t√© G√©n√©rale et Vous,263120380,0,0,1176117975189000195
1176081195727302658,"@tomhac76 Bonjour, afin que nous puissions vous apporter notre aide, pouvez-vous s‚Äôil vous pla√Æt nous en dire plus en message priv√© [LIEN] ?",Mon Sep 23 10:29:42 +0000 2019,Soci√©t√© G√©n√©rale et Vous,263120380,0,0,1176053772717633536
1176081065716453376,"@Luc_Bietry @60millions Bonjour, afin que nous puissions vous apporter notre aide, pouvez-vous s‚Äôil vous pla√Æt nous en dire plus en message priv√© [LIEN] ?",Mon Sep 23 10:29:11 +0000 2019,Soci√©t√© G√©n√©rale et Vous,263120380,0,0,1176054403641610240
1176080907192676352,"@LionelJeanjeau @SocieteGenerale Bonjour, afin que nous puissions vous apporter notre aide, pouvez-vous s‚Äôil vous pla√Æt nous en dire plus en message priv√© [LIEN] ?",Mon Sep 23 10:28:33 +0000 2019,Soci√©t√© G√©n√©rale et Vous,263120380,0,0,1175397678563414021
1176080570855698432,"@merliYES @SocieteGenerale Bonjour, afin que nous puissions vous apporter notre aide, pouvez-vous s‚Äôil vous pla√Æt nous en dire plus en message priv√© [LIEN] ?",Mon Sep 23 10:27:13 +0000 2019,Soci√©t√© G√©n√©rale et Vous,263120380,0,0,1175354288740192256
1176068095716315137,"@_Noellaa Bonjour, nous vous remercions pour alerte et nous nous renseignons en interne. Poursuivons nos √©changes en message priv√© [LIEN] Merci",Mon Sep 23 09:37:38 +0000 2019,Soci√©t√© G√©n√©rale et Vous,263120380,0,0,1176046643382280194
1176067818644750336,"@Luc_Bietry Bonjour, afin que nous puissions vous apporter notre aide, pouvez-vous s‚Äôil vous pla√Æt nous en dire plus en message priv√© [LIEN] ?",Mon Sep 23 09:36:32 +0000 2019,Soci√©t√© G√©n√©rale et Vous,263120380,0,0,1174939399496204293
1176066912629022720,"@ocl94 Bonjour, afin que nous puissions vous apporter notre aide, pouvez-vous s‚Äôil vous pla√Æt nous en dire plus en message priv√© [LIEN] ?",Mon Sep 23 09:32:56 +0000 2019,Soci√©t√© G√©n√©rale et Vous,263120380,0,0,1175340774449471488
1176059206220374016,"@charlinebrsl Bonjour, afin que nous puissions vous apporter notre aide, pouvez-vous s‚Äôil vous pla√Æt nous en dire plus en message priv√© [LIEN] ?",Mon Sep 23 09:02:19 +0000 2019,Soci√©t√© G√©n√©rale et Vous,263120380,0,0,1175379536927764480
1176052090080305152,"@lookaaas_ Bonjour, afin que nous puissions vous apporter notre aide, pouvez-vous s‚Äôil vous pla√Æt nous en dire plus en message priv√© [LIEN] ?",Mon Sep 23 08:34:02 +0000 2019,Soci√©t√© G√©n√©rale et Vous,263120380,0,0,1175707316508856321
1176051890188169217,"@TrotzierPatrici @SocieteGenerale @cic Bonjour, nous sommes navr√©s de cet incident et vous invitons √† vous rapprocher de votre banque pour le leur signaler si jamais vous constatez un d√©bit sur votre compte. On reste √† votre √©coute en priv√© si besoin [LIEN] Bonne journ√©e.",Mon Sep 23 08:33:15 +0000 2019,Soci√©t√© G√©n√©rale et Vous,263120380,1,0,1175696797735575552
1176047590196043776,"@EvoraBvll Bonjour, vous pouvez vous d√©sabonner de l'alerte par sms, ou param√©trer vos notifications depuis l'appli. On reste √† votre √©coute en priv√© [LIEN] Bonne journ√©e",Mon Sep 23 08:16:10 +0000 2019,Soci√©t√© G√©n√©rale et Vous,263120380,0,0,1175542045320126465
1176036627539517440,"@Solarus0 Bonjour, afin que nous puissions vous apporter notre aide, pouvez-vous s‚Äôil vous pla√Æt nous en dire plus en message priv√© [LIEN] ? 
Merci [LIEN]",Mon Sep 23 07:32:36 +0000 2019,Soci√©t√© G√©n√©rale et Vous,263120380,0,0,1175133725455257601
1176035421152788480,"@ManolitoFr @SocieteGenerale Bonjour, nous sommes navr√©s des difficult√©s que vous avez rencontr√©es pour joindre votre agence. Afin que nous puissions vous apporter notre aide, pouvez-vous s‚Äôil vous pla√Æt nous en dire plus en message priv√© [LIEN] ?",Mon Sep 23 07:27:48 +0000 2019,Soci√©t√© G√©n√©rale et Vous,263120380,0,0,1175440278943084551
1176034894440521728,"@Matthieu26Mai Bonjour, nous sommes navr√©s de l'incident que rencontrent ces automates. Nous vous invitons √† vous rapprocher de la direction de l'agence. N'h√©sitez pas √† nous en dire plus en message priv√© [LIEN] ?",Mon Sep 23 07:25:43 +0000 2019,Soci√©t√© G√©n√©rale et Vous,263120380,0,0,1175391684437381125
1176033064675401728,"@childofmode Bonjour, afin que nous puissions vous apporter notre aide, pouvez-vous s‚Äôil vous pla√Æt nous en dire plus en message priv√© [LIEN] ?",Mon Sep 23 07:18:26 +0000 2019,Soci√©t√© G√©n√©rale et Vous,263120380,0,0,1175666848043556864
1176032499513909248,"@EdParadox Bonjour, nous sommes √† votre √©coute en message priv√© [LIEN] cc @societegenerale",Mon Sep 23 07:16:12 +0000 2019,Soci√©t√© G√©n√©rale et Vous,263120380,0,0,1175380869432905730
1176031712247242753,"@_kacamille Bonjour, afin que nous puissions vous apporter notre aide, pouvez-vous s‚Äôil vous pla√Æt nous en dire plus en message priv√© sur Messenger [LIEN] ? Merci",Mon Sep 23 07:13:04 +0000 2019,Soci√©t√© G√©n√©rale et Vous,263120380,0,0,1175431985747177472
1175073996624322561,"@MenasriaMohame4 Bonjour Monsieur Mohamed MENASRIA, nous nous rapprochons de votre agence afin que vous soyez recontact√© rapidement.",Fri Sep 20 15:47:27 +0000 2019,Soci√©t√© G√©n√©rale et Vous,263120380,0,0,1175059315213905921
1175072686822907905,"@ManolitoFr Bonjour, afin que nous puissions vous apporter notre aide, pouvez-vous s‚Äôil vous pla√Æt nous en dire plus en message priv√© [LIEN] ? cc @societegenerale",Fri Sep 20 15:42:14 +0000 2019,Soci√©t√© G√©n√©rale et Vous,263120380,0,0,1175055670053408768
1175061966282510337,"@Alkyooo Bonjour, Pour b√©n√©ficier de cette carte de l√©gende et ouvrir votre compte, nous vous invitons √† prendre rdv üëâ [LIEN] ou √† contacter le 3955 et dites ""rendez-vous"" (appel non surtax√©). A votre √©coute en DM [LIEN] si besoin. Bonne journ√©e",Fri Sep 20 14:59:39 +0000 2019,Soci√©t√© G√©n√©rale et Vous,263120380,0,0,1174326764451053568
1175061866986577921,"@Yinchorr Bonjour, Pour b√©n√©ficier de cette carte de l√©gende et ouvrir votre compte, nous vous invitons √† prendre rdv üëâ [LIEN] ou √† contacter le 3955 et dites ""rendez-vous"" (appel non surtax√©). A votre √©coute en DM [LIEN] si besoin. Bonne journ√©e",Fri Sep 20 14:59:15 +0000 2019,Soci√©t√© G√©n√©rale et Vous,263120380,0,0,1174624249107161090
1175061341410877442,"@GusgusLF Bonjour, nous sommes navr√©s de cette situation. Afin que nous puissions vous apporter notre aide, pouvez-vous s‚Äôil vous pla√Æt nous en dire plus en message priv√© [LIEN] ? Merci",Fri Sep 20 14:57:10 +0000 2019,Soci√©t√© G√©n√©rale et Vous,263120380,0,0,1175060966322704389
1175061043934109697,"@killllllua @LuttiLutti_ Bonjour Joris, Pour b√©n√©ficier de cette carte de l√©gende et ouvrir votre compte, nous vous invitons √† prendre rdv üëâ [LIEN] ou √† contacter le 3955 et dites ""rendez-vous"" (appel non surtax√©). A votre √©coute en DM [LIEN] si besoin. Bonne journ√©e",Fri Sep 20 14:55:59 +0000 2019,Soci√©t√© G√©n√©rale et Vous,263120380,0,0,1174381589553385473
1175060225084338176,"@Arkageff @SocieteGenerale Bonjour, Pour b√©n√©ficier de cette carte de l√©gende et ouvrir votre compte, nous vous invitons √† prendre rdv üëâ [LIEN] ou √† contacter le 3955 et dites ""rendez-vous"" (appel non surtax√©). A votre √©coute en DM [LIEN] si besoin. Bonne journ√©e",Fri Sep 20 14:52:43 +0000 2019,Soci√©t√© G√©n√©rale et Vous,263120380,1,0,1174746985313832962
1175059597712928769,"@Petitbich Bonjour, Pour b√©n√©ficier de cette carte de l√©gende et ouvrir votre compte, nous vous invitons √† prendre rdv üëâ [LIEN] ou √† contacter le 3955 et dites ""rendez-vous"" (appel non surtax√©). A votre √©coute en DM [LIEN] si besoin. Bonne journ√©e",Fri Sep 20 14:50:14 +0000 2019,Soci√©t√© G√©n√©rale et Vous,263120380,0,0,1174693822074413056
1175059454028656640,"@JVSTlCE @LaureBuliiV Bonjour, Pour b√©n√©ficier de cette carte de l√©gende et ouvrir votre compte, nous vous invitons √† prendre rdv üëâ [LIEN] ou √† contacter le 3955 et dites ""rendez-vous"" (appel non surtax√©). A votre √©coute en DM [LIEN] si besoin. Bonne journ√©e",Fri Sep 20 14:49:40 +0000 2019,Soci√©t√© G√©n√©rale et Vous,263120380,0,0,1174373395527585800
1175059343449964545,"@DelahayePierre2 @LaureBuliiV Bonjour Pierre, Pour b√©n√©ficier de cette carte de l√©gende et ouvrir votre compte, nous vous invitons √† prendre rdv üëâ [LIEN] ou √† contacter le 3955 et dites ""rendez-vous"" (appel non surtax√©). A votre √©coute en DM [LIEN] si besoin. Bonne journ√©e",Fri Sep 20 14:49:13 +0000 2019,Soci√©t√© G√©n√©rale et Vous,263120380,0,0,1174339401243070466
1175058415527387136,"@PetitAsphyxia Bonjour, afin que nous puissions vous apporter notre aide, pouvez-vous s‚Äôil vous pla√Æt nous en dire plus en message priv√© [LIEN] ? cc @societegenerale",Fri Sep 20 14:45:32 +0000 2019,Soci√©t√© G√©n√©rale et Vous,263120380,0,0,1175048585269993473
1175057308826722305,"@BoumiMk Bonjour, afin que nous puissions vous apporter notre aide, pouvez-vous s‚Äôil vous pla√Æt nous en dire plus en message priv√© [LIEN] ? Merci",Fri Sep 20 14:41:08 +0000 2019,Soci√©t√© G√©n√©rale et Vous,263120380,0,0,1175010183107534848
1175028904052047872,"@ndebouville @SocieteGenerale Bonjour, pouvez-vous s‚Äôil vous pla√Æt nous en dire plus en message priv√© [LIEN] ? cc @SocieteGenerale",Fri Sep 20 12:48:16 +0000 2019,Soci√©t√© G√©n√©rale et Vous,263120380,0,0,1174769676687220736
1175021903234441217,"@PeacessM Bonjour, afin que nous puissions vous apporter notre aide, pouvez-vous s‚Äôil vous pla√Æt nous contacter en message priv√© [LIEN] ?",Fri Sep 20 12:20:27 +0000 2019,Soci√©t√© G√©n√©rale et Vous,263120380,0,0,1175009539516747777
1174997963921395713,"@ForMuslim__ @SocieteGenerale Bonjour, cette situation est tr√®s √©trange en effet. Afin que nous puissions faire le point en interne au plus vite, pouvez-vous s‚Äôil vous pla√Æt nous en dire plus en message priv√© [LIEN] ? Merci",Fri Sep 20 10:45:19 +0000 2019,Soci√©t√© G√©n√©rale et Vous,263120380,7,0,1174986128597954560
1174992160233594880,"@taxielite1 Bonjour, afin que nous puissions vous apporter notre aide, pouvez-vous s‚Äôil vous pla√Æt nous en dire plus en message priv√© [LIEN] ? Merci",Fri Sep 20 10:22:15 +0000 2019,Soci√©t√© G√©n√©rale et Vous,263120380,0,0,1174989812891299841
1174974667787886592,"@lgy_clara Bonjour, afin que nous puissions vous apporter notre aide, pouvez-vous s‚Äôil vous pla√Æt nous en dire plus en message priv√© [LIEN] ?",Fri Sep 20 09:12:45 +0000 2019,Soci√©t√© G√©n√©rale et Vous,263120380,0,0,1174709217015607296
1174969639819862017,"@Jer_Valles Bonjour, nous sommes navr√©s de cette situation. Afin de  faire le point en interne, pouvez-vous nous en dire plus en message priv√© [LIEN] s'il vous pla√Æt ? Merci",Fri Sep 20 08:52:46 +0000 2019,Soci√©t√© G√©n√©rale et Vous,263120380,0,0,1174778440651853831
1174968883016392704,"@sauldavid @LaureBuliiV Bonjour David, cette carte est disponible uniquement pour les clients particuliers de Soci√©t√© G√©n√©rale en France m√©tropolitaine. Notre √©quipe reste √† votre √©coute en message priv√© [LIEN] si besoin. Bonne journ√©e",Fri Sep 20 08:49:46 +0000 2019,Soci√©t√© G√©n√©rale et Vous,263120380,0,0,1174444838764388353
1174965742271229952,"@reptilus89 @LaureBuliiV Bonjour Baptiste, nous prenons note de votre message et le partageons avec les √©quipes en charge. Nous restons √† votre √©coute en DM [LIEN] si besoin. Bonne journ√©e",Fri Sep 20 08:37:17 +0000 2019,Soci√©t√© G√©n√©rale et Vous,263120380,0,0,1174569128985792512
1174944598453452800,"@Luc_Bietry Bonjour, afin que nous puissions vous apporter notre aide, pouvez-vous s‚Äôil vous pla√Æt nous en dire plus en message priv√© [LIEN] ? Merci",Fri Sep 20 07:13:16 +0000 2019,Soci√©t√© G√©n√©rale et Vous,263120380,0,0,1174939399496204293
1174728401283928064,"@jowjooow_ Bonjour, afin que nous puissions vous apporter notre aide, pouvez-vous s‚Äôil vous pla√Æt nous en dire plus en message priv√© [LIEN] ? Merci",Thu Sep 19 16:54:10 +0000 2019,Soci√©t√© G√©n√©rale et Vous,263120380,0,0,1174727988065243137
1174721826225893378,"@jfrbeaulieu Bonjour, afin que nous puissions vous apporter notre aide, pouvez-vous s‚Äôil vous pla√Æt nous en dire plus en message priv√© [LIEN] ?",Thu Sep 19 16:28:03 +0000 2019,Soci√©t√© G√©n√©rale et Vous,263120380,0,0,1174720760369287168
1174706991954104325,"@EdParadox @SocieteGenerale Pour √©voquer les situations personnelles, le DM offre plus de confidentialit√© et aussi plus de caract√®res, tout simplement ;-) Notre √©quipe vous souhaite une bonne soir√©e et reste √† votre √©coute ici ou en DM",Thu Sep 19 15:29:06 +0000 2019,Soci√©t√© G√©n√©rale et Vous,263120380,0,0,1174689768447315968
1174704585585364994,"@ralocycleuse Bonjour, afin que nous puissions vous apporter notre aide, pouvez-vous s‚Äôil vous pla√Æt nous en dire plus en message priv√© [LIEN] ? Merci",Thu Sep 19 15:19:32 +0000 2019,Soci√©t√© G√©n√©rale et Vous,263120380,0,0,1174700831641415686
1174704475010994177,"@tbayart Bonjour, afin que nous puissions vous apporter notre aide, pouvez-vous s‚Äôil vous pla√Æt nous en dire plus en message priv√© [LIEN] ? Merci",Thu Sep 19 15:19:06 +0000 2019,Soci√©t√© G√©n√©rale et Vous,263120380,0,0,1174702500332658688
1174684287335063553,"@MenasriaMohame4 Comme r√©pondu en priv√©, nous vous pr√©sentons toutes nos excuses pour l'utilisation de votre pr√©nom que nous utilisons habituellement sur les r√©seaux sociaux.
Notre √©quipe reste √† votre √©coute si besoin et vous souhaite une excellente fin de journ√©e.
Philippe",Thu Sep 19 13:58:53 +0000 2019,Soci√©t√© G√©n√©rale et Vous,263120380,0,0,1174679112432148480
1174682470513598467,"üëâüèª ¬´¬†4 grands √©l√©ments √† avoir en t√™te pour son site web: le design, l‚Äôergonomie, le r√©f√©rencement, la technologie (#s√©curit√© #rgpd)¬†¬ª #Conf√©rence #Digital #Aupr√®sDesPros [LIEN]",Thu Sep 19 13:51:40 +0000 2019,Soci√©t√© G√©n√©rale et Vous,263120380,11,1,1174681024401485825
1174680449148493827,üîò D√©couvrez le stand des √©quipes @oppens_cyber: des Experts qui aident les chefs d'entreprise √† se prot√©ger efficacement contre les risques de cyber-attaques ! üíª #cybersecurit√© #securit√© #data #Aupr√®sDesPros [LIEN],Thu Sep 19 13:43:38 +0000 2019,Soci√©t√© G√©n√©rale et Vous,263120380,8,0,1174678252692131841
1174678809284612096,"@Kraiizyk83 Bonjour, vous pouvez d√©sactiver le sans contact sur toutes nos cartes depuis votre espace client sur ordinateur puis en effectuant un retrait dans un DAB. A votre √©coute en DM [LIEN] si besoin. Bonne journ√©e",Thu Sep 19 13:37:07 +0000 2019,Soci√©t√© G√©n√©rale et Vous,263120380,0,0,1174338281326202881
1174676126070951936,@MenasriaMohame4 Nous vous remercions pour votre message en priv√© et vous prenons en charge via ce canal.,Thu Sep 19 13:26:27 +0000 2019,Soci√©t√© G√©n√©rale et Vous,263120380,0,0,1174675772033961984
1174673052707250176,"@MenasriaMohame4 Bonjour, nous sommes navr√©s de la situation. Afin que nous puissions vous apporter notre aide, pouvez-vous s‚Äôil vous pla√Æt nous en dire plus en message priv√© [LIEN] ? Merci",Thu Sep 19 13:14:14 +0000 2019,Soci√©t√© G√©n√©rale et Vous,263120380,1,1,1174669629849067520
1174672140106379264,"@KaroK @SocieteGenerale Bonjour Caroline, cette carte n'est actuellement disponible que pour les cartes de particuliers. Nous partageons votre message avec les √©quipes en charge et restons √† votre √©coute en DM [LIEN] si besoin. Bonne journ√©e",Thu Sep 19 13:10:37 +0000 2019,Soci√©t√© G√©n√©rale et Vous,263120380,0,0,1174658417836929024
1174670237586939904,"@Verrattininho Bonjour Thibault, nous sommes navr√©s de votre ressenti. Notre √©quipe est √† votre √©coute en DM [LIEN] si vous le souhaitez. Bonne journ√©e",Thu Sep 19 13:03:03 +0000 2019,Soci√©t√© G√©n√©rale et Vous,263120380,0,0,1174331842482311168
1174641593292382208,"@JOHNROFFICIEL Bonjour, nous sommes navr√©s de cette situation. Afin que nous puissions vous apporter notre aide, pouvez-vous s‚Äôil vous pla√Æt nous en dire plus en message priv√© [LIEN] ? Merci",Thu Sep 19 11:09:14 +0000 2019,Soci√©t√© G√©n√©rale et Vous,263120380,0,0,1174638449820917760
1174636331059822599,@AmauryHeurtaut Nous sommes ravis !,Thu Sep 19 10:48:19 +0000 2019,Soci√©t√© G√©n√©rale et Vous,263120380,0,0,1174633738422181888
1174635968579719168,"@Rachedsioud Bonjour, nous sommes navr√©s de cette situation. Afin que nous puissions faire le point en interne, pouvez-vous s‚Äôil vous pla√Æt nous en dire plus en message priv√© [LIEN] ? Merci",Thu Sep 19 10:46:53 +0000 2019,Soci√©t√© G√©n√©rale et Vous,263120380,0,0,1174633956442091520
1174629756219867137,@AmauryHeurtaut Nous nous rapprochons de notre Filiale Sogessur afin que vous soyez recontact√© dans les meilleurs d√©lais.,Thu Sep 19 10:22:12 +0000 2019,Soci√©t√© G√©n√©rale et Vous,263120380,0,0,1174627115284729856
1174627903902011393,"@AmauryHeurtaut Bonjour, nous sommes navr√©s de la situation que vous rencontrez, afin de nous rapprocher de notre filiale Sogessur, pouvez-vous s‚Äôil vous pla√Æt nous en dire plus en message priv√© [LIEN] ? Merci",Thu Sep 19 10:14:50 +0000 2019,Soci√©t√© G√©n√©rale et Vous,263120380,0,0,1174626529344655360
1174603046359379969,"@caducia Bonjour, afin que nous puissions vous apporter notre aide, pouvez-vous s‚Äôil vous pla√Æt nous en dire plus en message priv√© [LIEN] ?",Thu Sep 19 08:36:03 +0000 2019,Soci√©t√© G√©n√©rale et Vous,263120380,0,0,1174014023706271745
1174581374071836672,"@tartopome Bonjour, un GRAND merci √† vous pour votre message. Nous le partageons avec les √©quipes en charge et restons √† votre √©coute en DM [LIEN] si besoin. Bonne journ√©e",Thu Sep 19 07:09:56 +0000 2019,Soci√©t√© G√©n√©rale et Vous,263120380,0,0,1174341739240407040
1174358277074952195,"@Traknard91 Bonjour, nous sommes navr√©s de la situation. Afin que nous puissions vous apporter notre aide, pouvez-vous s‚Äôil vous pla√Æt nous en dire plus sur votre demande en message priv√© [LIEN] ?",Wed Sep 18 16:23:26 +0000 2019,Soci√©t√© G√©n√©rale et Vous,263120380,0,0,1174357690073718787
1174339950256504832,"@EdParadox Bonjour, afin que nous puissions vous apporter notre aide, pouvez-vous s‚Äôil vous pla√Æt nous en dire plus en message priv√© [LIEN] ? cc @societegenerale",Wed Sep 18 15:10:36 +0000 2019,Soci√©t√© G√©n√©rale et Vous,263120380,0,0,1174332264097955846
1174299370516287491,@une_redactrice Nous vous avons r√©pondu en message priv√©.,Wed Sep 18 12:29:22 +0000 2019,Soci√©t√© G√©n√©rale et Vous,263120380,0,0,1174291222900465665
1174291758219440129,"@nenesh_BK Afin que nous puissions faire le point en interne et vous apporter notre aide, pouvez-vous s‚Äôil vous pla√Æt nous en dire plus en message priv√© [LIEN] ? Merci",Wed Sep 18 11:59:07 +0000 2019,Soci√©t√© G√©n√©rale et Vous,263120380,0,0,1174288088576745472
1174287847655903233,"@nenesh_BK Bonjour, nous sommes navr√©s de la situation. Si vous avez re√ßu votre carte par courrier c'est que votre code n'a pas chang√©. Nous restons √† votre √©coute en message priv√© [LIEN] Merci",Wed Sep 18 11:43:34 +0000 2019,Soci√©t√© G√©n√©rale et Vous,263120380,0,0,1174277051546775552
1174262875092856832,"@RejBrn Bonjour nous sommes navr√©s de la situation que vous rencontrez. Afin que nous puissions vous apporter notre aide, pouvez-vous s‚Äôil vous pla√Æt nous en dire plus en message priv√© [LIEN] ? cc @societegenerale",Wed Sep 18 10:04:20 +0000 2019,Soci√©t√© G√©n√©rale et Vous,263120380,0,0,1174245052169801735
1174240979840372736,"@caducia Bonjour, afin que nous puissions vous apporter notre aide, pouvez-vous s‚Äôil vous pla√Æt nous en dire plus en message priv√© [LIEN] ?",Wed Sep 18 08:37:20 +0000 2019,Soci√©t√© G√©n√©rale et Vous,263120380,0,0,1174014023706271745
1174240861678383111,"@laugheck Bonjour, afin que nous puissions vous apporter notre aide, pouvez-vous s‚Äôil vous pla√Æt nous en dire plus en message priv√© [LIEN] ?",Wed Sep 18 08:36:52 +0000 2019,Soci√©t√© G√©n√©rale et Vous,263120380,1,0,1174234965216829441
1174235163041116160,"@VVMad Bonjour, Bonjour, n'h√©sitez pas √† nous en dire plus en message priv√© [LIEN]",Wed Sep 18 08:14:13 +0000 2019,Soci√©t√© G√©n√©rale et Vous,263120380,0,0,1174233618476126208
1174222079618703360,"@Nakayomi Bonjour, nous sommes navr√©s de cette situation. Afin que nous puissions vous apporter notre aide, pouvez-vous s‚Äôil vous pla√Æt nous en dire plus en message priv√© [LIEN] ?
Merci",Wed Sep 18 07:22:14 +0000 2019,Soci√©t√© G√©n√©rale et Vous,263120380,0,0,1174023130144284672
1177502796020514822,"@UneInvisible Bonjour, Bonjour, afin que nous puissions vous apporter notre aide, pouvez-vous s‚Äôil vous pla√Æt nous en dire plus en message priv√© [LIEN] ? cc @societegenerale",Fri Sep 27 08:38:38 +0000 2019,Soci√©t√© G√©n√©rale et Vous,263120380,0,0,1177483489370730498
1177502732707516416,"@nuggetslovxr Bonjour, afin que nous puissions vous apporter notre aide, pouvez-vous s‚Äôil vous pla√Æt nous en dire plus en message priv√© [LIEN] ? Merci cc @societegenerale",Fri Sep 27 08:38:23 +0000 2019,Soci√©t√© G√©n√©rale et Vous,263120380,0,0,1177257492990087168
1177501215749373958,"@LibrairieV Bonjour, nous sommes navr√©s de cette situation. Nous vous remercions pour votre message priv√© et vous avons r√©pondu par ce canal. Bonne journ√©e",Fri Sep 27 08:32:21 +0000 2019,Soci√©t√© G√©n√©rale et Vous,263120380,0,0,1177485692290523136
1177490200357822464,"@Kenzzone Bonjour, et si nous vous apportions courtoisement notre aide en message priv√© [LIEN] ? Notre √©quipe reste √† votre √©coute. Bonne journ√©e",Fri Sep 27 07:48:35 +0000 2019,Soci√©t√© G√©n√©rale et Vous,263120380,0,0,1177475366270586882
1177486427770064897,"@ltmsara Bonjour, afin que nous puissions vous apporter notre aide, pouvez-vous s‚Äôil vous pla√Æt nous en dire plus en message priv√© [LIEN] ?",Fri Sep 27 07:33:35 +0000 2019,Soci√©t√© G√©n√©rale et Vous,263120380,0,0,1177240341021433856
1177481823967834112,"@KiraMitrofanoff Bonjour, afin que nous puissions vous apporter notre aide, pouvez-vous s‚Äôil vous pla√Æt nous en dire plus en message priv√© [LIEN] ? Merci cc @societegenerale",Fri Sep 27 07:15:18 +0000 2019,Soci√©t√© G√©n√©rale et Vous,263120380,0,0,1177471268070625281
1177481572229844993,"@Benoit_Anger Bonjour, nous sommes navr√©s de la situation. Afin que nous puissions vous apporter notre aide, pouvez-vous s‚Äôil vous pla√Æt nous en dire plus en message priv√© [LIEN] ? cc @societefgenerale",Fri Sep 27 07:14:18 +0000 2019,Soci√©t√© G√©n√©rale et Vous,263120380,0,0,1177460241757134850
1177481327114776576,"@carobgham Bonjour Caroline, afin que nous puissions vous apporter notre aide, pouvez-vous s‚Äôil vous pla√Æt nous en dire plus en message priv√© [LIEN] ? Merci",Fri Sep 27 07:13:19 +0000 2019,Soci√©t√© G√©n√©rale et Vous,263120380,0,0,1177289589683302401
1177481076870041600,"@_Riveline @emmbld @SocieteGenerale Bonjour, nous sommes navr√©s que vous n'ayez pas trouv√© cette vid√©o et de la situation que vous avez rencontr√©e. Afin que nous puissions vous apporter notre aide, pouvez-vous s‚Äôil vous pla√Æt nous en dire plus en message priv√© [LIEN] ? Merci",Fri Sep 27 07:12:19 +0000 2019,Soci√©t√© G√©n√©rale et Vous,263120380,0,0,1177275040976576512
