data,favorite_cnt,id,reply_to_id,retweet_cnt,text,user,user_id
Mon Sep 23 18:46:41 +0000 2019,0,1176206265665708035,,0,"@moi_yvan Pour des raisons de s√©curit√©, le remboursement est toujours effectu√© vers le moyen de paiement utilis√©. De ce fait, je vous invite √† contacter Air France pour en savoir plus quant √† votre remboursement. Je vous souhaite une bonne soir√©e.",Transavia France,191872738
Mon Sep 23 16:43:29 +0000 2019,0,1176175262993661953,,0,"@moi_yvan N'h√©sitez pas √† revenir vers moi si besoin en priv√©, je vous souhaite une agr√©able fin de journ√©e. 2/2",Transavia France,191872738
Mon Sep 23 16:43:13 +0000 2019,0,1176175197117911041,,0,"@moi_yvan Bonjour Yvan, je viens d'acc√©der √† votre dossier et je peux voir que le remboursement de votre vol annul√© est d√©j√† effectu√©. Comme indiqu√© dans l'e-mail, vous devez contacter votre agence de voyages pour le r√©clamer. 1/2",Transavia France,191872738
Mon Sep 23 13:07:47 +0000 2019,0,1176120978394505217,,0,"@hamza92100 Bonjour Hamza ! Pouvez-vous me contacter en priv√© avec votre code de r√©servation, nom complet et adresse e-mail afin d'√©claircir la situation s'il vous pla√Æt. J'attends votre retour, √† tout de suite.",Transavia France,191872738
Mon Sep 23 12:42:16 +0000 2019,0,1176114558102056960,,0,"@Mehdi_BA Bonjour Mehdi ! Pouvez-vous me contacter en priv√© avec votre code de r√©servation, nom complet et adresse e-mail afin d'√©claircir la situation s'il vous pla√Æt. J'attends votre retour, √† tout de suite.",Transavia France,191872738
Mon Sep 23 12:40:02 +0000 2019,0,1176113997545967616,,0,@camerononeil13 C'est avec plaisir ! Vous pouvez vous inscrire √† notre newsletter en bas de notre site internet pour √™tre au courant de notre actualit√©. Je vous souhaite un bon d√©but de semaine.,Transavia France,191872738
Mon Sep 23 12:30:44 +0000 2019,0,1176111654142173184,,0,@camerononeil13 Bonjour ! Les billets seront en ventes dans la semaine. :-) Encore un peu de patience ! Belle journ√©e.,Transavia France,191872738
Mon Sep 23 12:15:16 +0000 2019,0,1176107765447766016,,0,"@AManuelFerreira Bonjour Manuel, je vous remercie pour votre suggestion que je vais faire remonter afin d'am√©liorer l'exp√©rience de nos passagers en notre compagnie. ‚ò∫ En esp√©rant que votre vol se soit tout de m√™me bien pass√©. Bien √† vous, Rinoa",Transavia France,191872738
Mon Sep 23 12:01:19 +0000 2019,0,1176104252382568448,,0,"@steph_michel51 Bonjour St√©phane, je m'excuse pour le traitement anormalement long de votre dossier. J'ai bien v√©rifi√©, tout est en ordre maintenant. Vous recevrez votre indemnisation dans les meilleurs d√©lais. Je vous souhaite un bon d√©but de semaine.",Transavia France,191872738
Mon Sep 23 09:12:49 +0000 2019,0,1176061847000309760,,0,"@sandrinou28 Je comprends vos questions, elles sont tout √† fait l√©gitimes. Pouvez-vous m'adresser un MP avec votre nom, votre code de r√©servation Transavia, et la date du vol ? Je vous remercie !",Transavia France,191872738
Mon Sep 23 06:28:20 +0000 2019,0,1176020452902408193,,0,"@Fannyd94 Bonjour Fanny, vous avez essay√© de nous contacter un dimanche soir, moment o√π il y a moins d'agents sur la plate-forme de disponibles. üòï Je vous invite √† retenter votre chance en semaine, √† compter de 9h, je pense que vous tomberez sur un interlocuteur √† coup sur.",Transavia France,191872738
Mon Sep 23 06:17:18 +0000 2019,0,1176017679293067264,,0,"@sandrinou28 Bonjour ! Nous n'avons pas d'information au regard de perturbations attendues le 28. Si vous deviez √™tre concern√©e, un email/SMS vous serait envoy√©, et une solution (remboursement ou replacement) propos√©e. Disponible, au besoin, je vous souhaite une belle journ√©e !",Transavia France,191872738
Mon Sep 23 06:06:16 +0000 2019,0,1176014901506191360,,0,@KDA92810994 Bonjour ! Je vous retrouve tout de suite en MP. üòâ,Transavia France,191872738
Sun Sep 22 19:43:30 +0000 2019,0,1175858178346688512,,0,@BMdsen Je vous remercie. üòä A bient√¥t !,Transavia France,191872738
Sun Sep 22 19:33:19 +0000 2019,0,1175855615719161857,,0,"@BMdsen Nous reviendrons vers vous dans les meilleurs d√©lais possibles, je vous souhaite une excellente soir√©e. üåù",Transavia France,191872738
Sun Sep 22 18:10:18 +0000 2019,0,1175834723400245248,,0,"@BMdsen Bonsoir, je suis navr√©e d'apprendre que ce vol n'a pas √©t√© √† la hauteur de vos attentes et j'entends bien votre m√©contentement. üòí Concernant le personnel de bord, vous pouvez remplir une r√©clamation ici : [LIEN] . Bien √† vous.",Transavia France,191872738
Sun Sep 22 18:03:49 +0000 2019,1,1175833090075385858,,0,"@LaurePressac @LisePressac Bonsoir, c'est vrai que cela peut sembler ironique... C'est le langage universel a√©roportuaire signifiant : ""Property Irregularity Report"". Je vous assure que nous n'y sommes pour rien ! Belle soir√©e. üôÇ",Transavia France,191872738
Sun Sep 22 18:00:54 +0000 2019,0,1175832356315439105,,0,"@hadron_therapy Bonsoir, a priori non j'en suis navr√©e ! üòî N'h√©sitez pas √† suivre nos actualit√©s en vous inscrivant √† notre news-letter ! üòä Belle soir√©e.",Transavia France,191872738
Sun Sep 22 17:59:10 +0000 2019,0,1175831920242057221,,0,"@nellymacbeal Je suis navr√©e que nos services n'aient pas √©t√© √† la hauteur de vos attentes Nelly. üòí Si vous avez besoin de quoi que ce soit, je suis disponible en mp.",Transavia France,191872738
Sun Sep 22 14:39:44 +0000 2019,0,1175781733486223360,,0,"@Cecile_and_co Bonjour Cecile, je suis navr√©e d'apprendre cela. Nos d√©lais de r√©ponse sont allong√©s ces derniers temps, c'est pourquoi vous n'avez pas eu de retour. Nous traitons les r√©clamations dans l'ordre chronologique. Nous reviendrons au plus vite.",Transavia France,191872738
Sun Sep 22 14:25:57 +0000 2019,0,1175778263274348544,,0,"@Romain_Tmb77 Bonjour Romain, je suis d√©sol√©e d'apprendre que vos bagages sont retard√©s. L'avez-vous d√©clar√© ? Si oui, je vous invite √† me contacter en mp avec votre nom complet et votre num√©ro de r√©servation, je vais remplir une r√©clamation pour vous.",Transavia France,191872738
Sun Sep 22 14:24:17 +0000 2019,0,1175777845278384131,,0,"@JeanMireille2 Bonjour Jean, je suis navr√©e mais je n'ai pas suivi personnellement votre dossier. Pourriez-vous me contacter en mp et m'expliquer la situation svp ? Je vais voir en quoi je peux vous aider. üôÇ A bient√¥t",Transavia France,191872738
Sun Sep 22 14:20:25 +0000 2019,1,1175776871809728512,,0,"@LisePressac Bonjour Lise, je suis sinc√®rement d√©sol√©e pour ces d√©sagr√©ments. üòí Avez-vous un num√©ro PIR ? Si c'est le cas, je peux remplir imm√©diatement une r√©clamation pour vous. Contactez-moi en mp.",Transavia France,191872738
Sun Sep 22 14:15:06 +0000 2019,0,1175775531918397440,,0,"@Nathali03288258 Bonjour Nathali, je suis d√©sol√©e pour ce retard et j'entends bien votre m√©contentement. üòî Si vous le d√©sirez je peux me charger de remplir une r√©clamation pour vous. J'aurai besoin de votre nom et num√©ro de r√©servation en mp.",Transavia France,191872738
Sun Sep 22 14:13:46 +0000 2019,0,1175775196499914752,,0,"@Johnnynou_38 Bonjour Johnny, je tiens √† vous pr√©senter mes excuses au nom de Transavia pour ce d√©sagr√©ment. üòî Si vous le d√©sirez, je peux me charger de remplir une r√©clamation pour vous. J'aurai simplement besoin de votre nom et num√©ro de r√©servation en mp.",Transavia France,191872738
Sun Sep 22 12:42:44 +0000 2019,0,1175752287479836674,,0,"@Romain_Tmb77 Bonjour ! Sauf souci de communication, les passagers sont normalement pr√©vus si l'horaire d'enregistrement des bagages est chang√© ou maintenu. Je regrette si pour une raison ind√©termin√©e, l'information ne vous est pas parvenue. üòï Je suis disponible en MP au besoin.",Transavia France,191872738
Sun Sep 22 12:04:42 +0000 2019,0,1175742718175272961,,0,"@Fannyd94 Bonjour Fanny, je suis navr√© du souci caus√© √† votre valise. üòï Avant tout, avez vous rempli un dossier d'incident √† l'a√©roport, et obtenu un num√©ro dit PIR ?
Cyril",Transavia France,191872738
Sun Sep 22 07:18:40 +0000 2019,0,1175670734229790720,,0,"@kermaria25 @transavia Bonjour Maria, votre demande sera trait√©e dans la journ√©e. Je vous remercie de votre patience. Excellente journ√©e √† vous !",Transavia France,191872738
Sun Sep 22 06:32:12 +0000 2019,0,1175659041063919616,,0,"@Geekparis Bonjour ! Je suis navr√© que vous ayez eu du retard pour revenir d'Italie. üòï Sachez que vous pouvez, si vous le voulez, d√©poser r√©clamation ici en joignant votre facture de taxi ([LIEN]). Je reste disponible au besoin, et je vous souhaite bon dimanche.",Transavia France,191872738
Sat Sep 21 20:05:31 +0000 2019,1,1175501328275136512,,0,"@SebastienTheret Bonsoir Sebastien, je vois que vous vous tenez bien inform√©. üòâ Les vols pour l'√©t√© 2020 seront disponibles la semaine prochaine. Et moi, j'admire votre capacit√© organisationnelle ! üòÇ Bonne soir√©e √† vous.",Transavia France,191872738
Sat Sep 21 18:32:51 +0000 2019,0,1175478007789740035,,0,"@jo_an_ Je suis navr√©e que la compagnie Fly2Sky ne vous satisfasse pas pleinement. Mais celle-ci √©tant notre partenaire, nous vous assurons que son standing est bien en accord avec nos engagements. Je vous souhaite malgr√© tout une bonne soir√©e.",Transavia France,191872738
Sat Sep 21 18:25:21 +0000 2019,0,1175476124094259200,,0,"@A1exbty Bonsoir, depuis le d√©but √† vrai dire. üòî Je suis navr√©e que vous n'ayez pas obtenu cette information plus t√¥t. Je vous laisse nos conditions de transport ici, √† consulter au besoin : [LIEN] . Belle soir√©e. üåù",Transavia France,191872738
Sat Sep 21 16:02:42 +0000 2019,2,1175440224324857856,,0,"@_Maxeem @transavia Bonjour. On √©vite parce qu'en g√©n√©ral √ßa finit mal, comme peut en t√©moigner ≈ídipe : [LIEN] . Si vous souhaitez que je vous informe concernant une r√©servation ou une r√©clamation n'h√©sitez pas, je suis disponible en dm. Bon week-end !",Transavia France,191872738
Sat Sep 21 15:58:15 +0000 2019,0,1175439102029815810,,0,"@thecybergreg @transavia Bonjour, je suis d√©sol√©e d'apprendre que votre vol a eut 1 heure de retard et j'entends bien que cela ne soit pas confortable pour vous. üòî J'esp√®re que le vol s'est tout de m√™me bien d√©roul√©. Excellent week-end.",Transavia France,191872738
Sat Sep 21 15:54:37 +0000 2019,1,1175438188170686464,,0,"@BenDeberly @DPaillettes @transavia Bonjour, je suis navr√©e d'apprendre cela ! Je vous invite √† signaler ce probl√®me en remplissant une r√©clamation ici : [LIEN] . Je suis disponible en mp si vous avez besoin de parler. Je vous souhaite un bon repos.",Transavia France,191872738
Sat Sep 21 15:47:41 +0000 2019,0,1175436442790780928,,0,"@djambubu Bonjour ! Bien-s√ªr, et vous n'avez pas besoin de le mettre en bagage sp√©cial ne vous en faites pas. üòå Vous pouvez les ajouter au poids que vous avez d√©j√†. Par contre n'oubliez pas que ce sont 5 pi√®ces maximum ! Bon week-end. üòä",Transavia France,191872738
Sat Sep 21 15:44:07 +0000 2019,0,1175435547445272581,,0,"@LudovickL Bonjour Ludovick, je vous ai r√©pondu en dm. üôÇ Je n'ai malheureusement pas plus d'informations √† vous donner tout de suite, mais n'h√©sitez pas √† me contacter un peu plus tard. üôÇ Belle journ√©e.",Transavia France,191872738
Sat Sep 21 15:40:03 +0000 2019,0,1175434523032608774,,0,"@CorinneReverbel Bonjour Corinne, je suis sinc√®rement d√©sol√©e d'apprendre cela.  Je vous invite √† me transmettre votre nom complet ainsi que votre num√©ro de r√©servation en mp, je vais remplir une r√©clamation pour vous. A tout de suite.",Transavia France,191872738
Sat Sep 21 15:39:47 +0000 2019,0,1175434454535462912,,0,"@CorinneReverbel Bonjour Corinne, je suis sinc√®rement d√©sol√©e d'apprendre cela. üòî Je vous invite √† me transmettre votre nom complet ainsi que votre num√©ro de r√©servation en mp, je vais remplir une r√©clamation pour vous. A tout de suite.",Transavia France,191872738
Sat Sep 21 13:26:51 +0000 2019,0,1175401000796065798,,0,@neckaros Bien entendu ! Je vous invite √† remplir notre formulaite d√©di√© ici : [LIEN] . Vous aurez un retour par e-mail sous une quinzaine de jours environ en raison d'importants volumes. Bien √† vous.,Transavia France,191872738
Sat Sep 21 13:03:15 +0000 2019,0,1175395061133172736,,0,"@neckaros Bonjour, je suis navr√©e d'apprendre les difficult√©s que vous rencontrez en rapport avec votre vol. Si celui-ci est annul√©, nous proposons effectivement le d√©calage sans frais ou le remboursement. Je regrette la situation relative au mariage. :(  Je reste dispo.",Transavia France,191872738
Sat Sep 21 11:34:06 +0000 2019,0,1175372626245672962,,0,"@PrinceZinou10 Bonjour, je suis vraiment d√©sol√©e que votre vol ait √©t√© retard√©. Le nouveau d√©part est donc effectivement pr√©vu √† 13h10 pour le moment. Je reste √† votre disposition pour toute autre pr√©cision. :)",Transavia France,191872738
Sat Sep 21 11:26:44 +0000 2019,0,1175370775810977794,,0,"@Argebargle Bonjour, je suis d√©sol√©e d'apprendre que votre bagage a √©t√© retard√©. Nos d√©lais de traitement habituels sont ralentis suite √† une forte activit√©. Vous pouvez me fournir vos r√©f√©rences de dossier en DM afin que je puisse v√©rifier pour vous quelle est l'avanc√©e. :)",Transavia France,191872738
Sat Sep 21 11:24:40 +0000 2019,0,1175370252357689345,,0,"@JulienMos Bonjour Julien ! Je regrette que votre vol ait du retard. üòï Si je puis vous aider dans l'attente de ce dernier, je vous en prie, mes MPs sont ouverts.",Transavia France,191872738
Sat Sep 21 09:56:16 +0000 2019,0,1175348007451205632,,0,"@cecile433 Bonjour ! Ce devrait √™tre soit dans la semaine, soit fin septembre, vous pourrez alors faire toutes vos r√©servations. üòâ Puis-je vous aider en autre chose ?",Transavia France,191872738
Sat Sep 21 08:50:14 +0000 2019,0,1175331388452757504,,0,"@marzia9876 Hey Marzia ! A nouveau, je vous pr√©sente nos excuses pour ce d√©lai de traitement. Je vous en dis plus en priv√© et vous laisse √©galement consulter votre bo√Æte mail concernant votre r√©clamation. :)",Transavia France,191872738
Sat Sep 21 06:22:19 +0000 2019,0,1175294164029890560,,0,"@mehdimoodynajar en raison de leur masse de travail, auquel cas n'h√©sitez pas √† revenir vers nous pour que nous puissions voir o√π en est le dossier. Je vous souhaite une belle journ√©e !
(2/2)",Transavia France,191872738
Sat Sep 21 06:20:02 +0000 2019,0,1175293591889096704,,0,"@mehdimoodynajar Bonjour ! Je regrette que votre vol a √©t√© annul√©. üòï Vous pouvez faire votre demande de remboursement via le formulaire du site ici ([LIEN]), et le Service Client reviendra vers vous. Il est probable que cela prenne plus des 48 h annonc√©es (1/2)",Transavia France,191872738
Fri Sep 20 11:55:48 +0000 2019,0,1175015702132137985,,0,"@RomainP Bonjour, je suis navr√©e que votre vol se soit d√©roul√© de cette fa√ßon. Concernant votre si√®ge, j'aimerais vous demander en priv√© votre nom, votre num√©ro de r√©servation et votre adresse e-mail. Je vous remercie.",Transavia France,191872738
Fri Sep 20 11:53:17 +0000 2019,1,1175015067793928193,,0,@frenchmandarina Bonjour je suis profond√©ment navr√©e mais nous rencontrons des probl√®mes techniques. Je me charge de suivre personnellement votre dossier et vous envoie une r√©ponse d√®s que possible !,Transavia France,191872738
Fri Sep 20 10:31:09 +0000 2019,0,1174994396749737984,,0,"@MiKaL02964747 Bonjour, je viens de vous r√©pondre en priv√© et j'attends les informations demand√©es afin de faire le n√©cessaire. √Ä tout de suite.",Transavia France,191872738
Fri Sep 20 06:05:30 +0000 2019,0,1174927544073650177,,0,"@marzia9876 Bonjour, je suis navr√© de lire cet incident. üòï Afin que je puisse vous en dire plus, pouvez-vous me contacter par message priv√© ? J'ai besoin de votre code de r√©servation, nom complet et adresse e-mail s'il vous pla√Æt. √Ä tout de suite.",Transavia France,191872738
Thu Sep 19 18:57:21 +0000 2019,0,1174759398524239872,,0,"@CarolineDouant Bonsoir Caroline, nous traitons toutes les r√©clamations de mani√®re √©quitable. Je vous souhaite une agr√©able soir√©e. Sabrina",Transavia France,191872738
Thu Sep 19 18:24:16 +0000 2019,2,1174751073300602881,,0,@sirarnocat @AirFranceFR Nous vous remercions pour ces belles ann√©es. üòä Je vous souhaite le meilleur chez AirFrance ! Au plaisir de vous retrouver √† bord de l'un de nos vols. üòç [LIEN],Transavia France,191872738
Thu Sep 19 18:03:14 +0000 2019,0,1174745780021805057,,0,"@didier_even Bonsoir Didier, je suis navr√©e mais je ne peux pas acc√©der √† ce lien. Pourriez-vous le v√©rifier ou m'√©crire votre demande svp ? Excellente soir√©e.",Transavia France,191872738
Thu Sep 19 17:57:17 +0000 2019,0,1174744281363488768,,0,"@mirak7825 Bonsoir, je suis ravie d'apprendre que vous voyagerez prochainement avec notre compagnie ! üòç J'esp√®re que la destination sera paradisiaque ! Non, si vous souhaitez √™tre assis ensemble il faudra choisir des places lors de l'enregistrement. üôÇ",Transavia France,191872738
Thu Sep 19 17:55:38 +0000 2019,0,1174743870162292738,,0,"@virgincucumber Bonsoir, je suis l√† ! Je suis sinc√®rement navr√©e que votre vol ait √©t√© annul√©. Mes coll√®gues du service clients vous ont r√©pondu par e-mail et expliqu√© leur d√©cision. Je vous souhaite une bonne soir√©e.",Transavia France,191872738
Thu Sep 19 16:13:47 +0000 2019,0,1174718234769133569,,0,@AlexandreBguin Je suis ravie d'apprendre que vous √™tes satisfait de la r√©ponse rapide. N'h√©sitez pas √† revenir vers moi pour toute autre question. üôÇ Bonne soir√©e,Transavia France,191872738
Thu Sep 19 14:27:43 +0000 2019,0,1174691545141977088,,0,@AlexandreBguin Je vous invite donc √† consulter celle-ci. N'h√©sitez pas √† revenir vers moi si besoin. Bonne journ√©e. üôÇ 2/2,Transavia France,191872738
Thu Sep 19 14:26:18 +0000 2019,0,1174691186029862914,,0,@AlexandreBguin Bonjour Alexandre. Je suis navr√©e que vous n'ayez pas r√©ussi √† nous joindre par mail et par t√©l√©phone. J'ai v√©rifi√© votre dossier et je vois qu'une r√©ponse vient de vous √™tre apport√©e par mail. 1/2,Transavia France,191872738
Thu Sep 19 08:03:39 +0000 2019,0,1174594892150034432,,0,@blareu Vous pouvez tenter votre chance et revenir vers nous entre 3 et 2 semaines avant votre prochain vol. üòâ,Transavia France,191872738
Thu Sep 19 07:59:31 +0000 2019,0,1174593851832643584,,0,@didier_even Je ne pourrai rien faire tant que vos donn√©es confidentielles sont dans un message public et non dans un dm.,Transavia France,191872738
Thu Sep 19 07:35:15 +0000 2019,0,1174587742044545024,,0,@blareu Je vous en prie ! üòÉ On arrive √† la rescousse ! ‚úàÔ∏è J'esp√®re que nous aurons la chance de vosu accueillir √† bord d'un de nos vols.,Transavia France,191872738
Thu Sep 19 07:32:53 +0000 2019,0,1174587148533751814,,0,@Slyban Vous savez comment nous si joindre si vous souhaitez mon assistance. Bonne journ√©e √† vous.,Transavia France,191872738
Thu Sep 19 07:23:01 +0000 2019,0,1174584665363165184,,0,@didier_even Vous savez comment nous joindre si vous souhaitez mon assistance. Bonne journ√©e √† vous.,Transavia France,191872738
Thu Sep 19 07:21:13 +0000 2019,0,1174584210805415936,,0,@blareu Je ne connais pas la date pr√©cise pour la publication de nos prochaines ventes mais cela devrait se faire d'ici la fin du mois. Abonnez-vous √† nos newsletters depuis notre page d'accueil pour suivre nos actualit√©s et restez conect√©. üòâ A bient√¥t sur nos lignes ! ‚òÄÔ∏è 2/2,Transavia France,191872738
Thu Sep 19 07:20:15 +0000 2019,0,1174583967716126720,,0,"@blareu Bonjour, je vous remercie de penser √† nous pour vos prochaines vacances d'√©t√©. üôÇ Le compte √† rebours est lanc√©, ce n'est plus qu'une question de jours. 1/2",Transavia France,191872738
Thu Sep 19 07:04:58 +0000 2019,0,1174580123695296512,,0,"@didier_even Pour des raisons de confidentialit√©, je vous invite √† supprimer ce dernier tweet et √† me communiquer ces informations dans un dm. Nous pourrons ainsi √©changer plus longuement au sujet de votre dossier.",Transavia France,191872738
Thu Sep 19 06:48:22 +0000 2019,0,1174575945568739333,,0,"@didier_even Puis-je vous demander par dm votre nom, votre num√©ro de r√©servation, votre adresse e-mail, votre r√©f√©rence de bagage et le vol concern√© ? Je vous remercie. 2/2",Transavia France,191872738
Thu Sep 19 06:48:03 +0000 2019,0,1174575865663021056,,0,"@didier_even Bonjour, je suis navr√©e si vous √™tes en attente d'un retour de notre part. üòï Etant tr√®s sollicit√©s, il nous est difficile de vous r√©pondre dans les meilleurs d√©lais. J'imagine que votre dossier a n√©anmoins d√ª avancer. 1/2",Transavia France,191872738
Thu Sep 19 06:45:18 +0000 2019,0,1174575174714318857,,0,"@Slyban Bien que je comprenne votre d√©ception, je vous demanderais √©galement de bien vouloir adapter votre communication √©tant sur des r√©seaux professionnels et de modifier votre tweet en supprimant votre r√©f√©rence bagage qui est une information confidentielle. Merci √† vous. 2/2",Transavia France,191872738
Thu Sep 19 06:44:16 +0000 2019,0,1174574915145650176,,0,"@Slyban Bonjour, je me permets de reprendre la demande de mon coll√®gue et de vous demander de bien vouloir me joindre dans un dm votre nom, votre num√©ro de r√©servation, votre adresse e-mail et le vol concern√©. 1/2",Transavia France,191872738
Thu Sep 19 06:25:46 +0000 2019,0,1174570256238596096,,0,"@Moulax14 Bonjour, je suis navr√©e que vous ayez d√ª patienter autant de temps pour r√©cup√©rer votre valise en soute. üòï Je comprends votre d√©ception au regard des frais de parking suppl√©mentaires. En toute honn√™tet√©, il m'est difficile de vous en dire davantage de par ma position.",Transavia France,191872738
Thu Sep 19 06:16:30 +0000 2019,0,1174567925233135617,,0,"@Stephanetasi Bonjour je suis navr√©e de lire vos impressions au sujet de vos derniers vols avec nous. üòï  Pourriez-vous m'en dire plus ? Je suis disponible en priv√© si vous souhaitez me communiquer votre nom, votre num√©ro de r√©servation et votre adresse e-mail.",Transavia France,191872738
Wed Sep 18 17:17:57 +0000 2019,0,1174371998551728128,,0,"@OtterUnknown Bonjour ! Navr√© d'apprendre ceci. Si votre vol a √©t√© annul√© et que vous ne souhaitez pas avoir un vol de replacement, un remboursement est normalement bien possible. Puis-je avoir votre nom et votre code Transavia en Mp je vous prie ? Merci !",Transavia France,191872738
Wed Sep 18 17:13:26 +0000 2019,0,1174370861933113349,,0,"@virgincucumber Bonsoir ! J'aimerais voir votre dossier, puis-je avoir en MP votre nom, votre code Transavia et votre r√©f√©rence de r√©clamation ? Faites vous partie des passagers qui ont dormi sur place ou bien avez vous eu un hotel √† Barcelone ?",Transavia France,191872738
Wed Sep 18 16:52:21 +0000 2019,0,1174365554859216896,,0,"@mirak7825 Ma r√©ponse sera la m√™me que celle concernant la gr√®ve des pilotes Vincent, pour le moment, nous n'avons rien √† signaler.",Transavia France,191872738
Wed Sep 18 16:50:10 +0000 2019,0,1174365006571474946,,0,"@Sameh_MEG Bonjour, je vois la r√©f√©rence de vos dossiers je vous remercie, pouvez vous me pr√©ciser les noms des concern√©s en MP ? Merci.",Transavia France,191872738
Wed Sep 18 16:48:39 +0000 2019,0,1174364623358844933,,0,"@Aurore66812863 Comme je vous l'ai expliqu√©, pendant le d√©lai de recherche, vos frais de necessit√© peuvent √™tre pris en charge. Comme je vous l'ai dit pour le moment, l'a√©roport m√®ne les recherches puis ce sera nous. J'esp√®re que votre valise sera rapidement retrouv√©e.",Transavia France,191872738
Wed Sep 18 16:41:42 +0000 2019,0,1174362875382644737,,0,"@BAnssaf Bonjour ! Puis-je avoir en MP votre nom complet, votre r√©clamation et votre code Transavia je vous prie ? Faites vous partie des passagers qui ont eu un hotel ?",Transavia France,191872738
Wed Sep 18 16:39:11 +0000 2019,1,1174362239949836288,,0,@MagaliPervan Bonjour Magali ! Je suis ravi de cette bonne nouvelle. üòÉ Je vous souhaite plein de bonnes s√©ries et de films sur votre tablette retrouv√©e. Et peut-√™tre √† bientot pour un prochain voyage. üòâ,Transavia France,191872738
Wed Sep 18 15:48:17 +0000 2019,0,1174349432294387713,,0,"@JadeGrandin Bonjour Jade ! Puis-je avoir en MP votre nom complet, code Transavia et dossier de r√©clamation ? Cela me permettra d'avoir tous les √©l√©ments sous les yeux. Je vous remercie !",Transavia France,191872738
Wed Sep 18 15:41:11 +0000 2019,0,1174347645076279296,,0,"@JAZ2661979 Bonjour ! Nos prochains vols devraient √™tre ouverts dans le courant de la semaine prochaine, voire fin septembre. Puis-je vous aider en autre chose ?",Transavia France,191872738
Wed Sep 18 15:11:57 +0000 2019,0,1174340288153825280,,0,"@mirak7825 Bonjour ! Pour le moment, la gr√®ve a eu un impact limit√© sur les vols. Si vous deviez √™tre concern√©, vous en seriez pr√©venu via mail et sms et une solution de remboursement, ou de replacement vous serait alors propos√©e. Puis-je vous renseigner sur autre chose ?",Transavia France,191872738
Wed Sep 18 14:54:56 +0000 2019,0,1174336006499262464,,0,@StvLB Je vous laisse poursuivre avec eux. Je vous souhaite bonne chance !,Transavia France,191872738
Wed Sep 18 14:54:19 +0000 2019,0,1174335849787535360,,0,@Aurore66812863 Etes-vous au courant que vos frais de 1√®re nec√©ssit√© peuvent √™tre pris en charge ?,Transavia France,191872738
Wed Sep 18 14:51:32 +0000 2019,0,1174335149904990208,,0,"@StvLB Ah ! Comme vous citiez le mail d'orly, je pensais que c'√©tait de cet a√©roport dont il √©tait question. A Nantes, les Objets Trouv√©s seraient au bureau d'information du Terminal 1, et j'ai trouv√© un num√©ro de t√©l√©phone payant, 0 892 568 800 (40 centimes/mn).",Transavia France,191872738
Wed Sep 18 14:46:55 +0000 2019,0,1174333988669968384,,0,"@Aurore66812863 Bonjour Aurore ! Navr√© du retard de votre valise. üòï Sous 5 jours, c'est l'a√©roport qui recherche votre valise, puis nous. Avez vous rempli un dossier d'incident PIR sur place ?",Transavia France,191872738
Wed Sep 18 14:43:38 +0000 2019,0,1174333162207551488,,0,@StvLB Bonjour ! Je suis navr√© mais je n'ai pas d'autre point de contact pour les Objets Trouv√©s d'Orly. üòï Pourriez-vous vous rendre sur place ?,Transavia France,191872738
Wed Sep 18 14:35:09 +0000 2019,0,1174331027235508225,,0,"@arikouts Je vous en prie ! N'h√©sitez pas ensuite √† revenir en MP vers nous si vous n'avez pas eu de r√©ponse dans les 48h, les d√©lais sont durs √† tenir en fin d'√©t√©. Je vous souhaite une belle soir√©e !",Transavia France,191872738
Wed Sep 18 14:27:45 +0000 2019,0,1174329164612214785,,0,"@arikouts Bonjour ! Oui, vous pourrez tout envoyer sur ce formulaire de contact ([LIEN]) et joindre la facture du taxi. Je suis navr√© que votre vol soit retard√©. üòï",Transavia France,191872738
Wed Sep 18 13:40:58 +0000 2019,0,1174317389502193667,,0,"@RomanEsbrat Merci, je vous y retrouve !",Transavia France,191872738
Wed Sep 18 13:32:11 +0000 2019,0,1174315181935071232,,0,"@RomanEsbrat Bonjour ! Je vais aller voir votre dossier, puis-je avoir confirmation de votre nom complet, de votre code Transavia et de votre dossier de r√©clamation en MP ? Merci !",Transavia France,191872738
Wed Sep 18 10:11:18 +0000 2019,0,1174264625057161219,,0,"@StephroStepr Bonjour, je suis navr√©e que vous ayez fait un tel constat. Nos √©quipes sont pr√©sentes pour l'entretien de nos appareils entre deux vols. J'esp√®re que votre prochain vol avec nous sera √† la hauteur de vos attentes.",Transavia France,191872738
Wed Sep 18 06:26:49 +0000 2019,0,1174208135604707328,,0,@sandrinou28 Sachez que l'enregistrement sur place est gratuit entre 2 h 20 et 1 h avant votre d√©part d'une mani√®re g√©n√©rale. 3/3,Transavia France,191872738
Wed Sep 18 06:26:20 +0000 2019,0,1174208013168762880,,0,"@sandrinou28 Dans ce cas, il me faudrait par votre nom, votre num√©ro de r√©servation, votre adresse e-mail et le vol concern√©. Quoi qu'il en soit, je vous recommande de vous pr√©senter au minimum deux heures en avance. 2/3",Transavia France,191872738
Wed Sep 18 06:25:59 +0000 2019,0,1174207925323259904,,0,"@sandrinou28 Bonjour, je regrette si vous rencontrez des difficult√©s pour vous enregsitrer en ligne. Il se peut qu'il y ait une simple erreur dans les d√©tails de votre r√©servation que je peux corriger s'il n'est pas trop tard. 1/3",Transavia France,191872738
Wed Sep 18 06:21:29 +0000 2019,0,1174206793116979202,,0,"@Ralis_raptaa Je vous invite √† vous rapprocher de leur service. Quant au retard, j'esp√®re qu'il n'aura pas eu d'impact sur votre emploi du temps bien que je comprenne votre d√©ception. 2/2",Transavia France,191872738
Wed Sep 18 06:19:43 +0000 2019,0,1174206348231417857,,0,"@Ralis_raptaa Bonjour, je suis navr√©e que votre vol ait √©t√© retard√© et regrette d'apprendre que vous ayez √©gar√© vos airpods √† bord de notre appareil. S'ils ont √©t√© retrouv√©s, ils auront √©t√© d√©pos√©s au bureau des objets trouv√©s de votre a√©roport d'arriv√©e. 1/2",Transavia France,191872738
Tue Sep 17 18:44:40 +0000 2019,0,1174031429979791362,,0,"@bouz42 Bonjour ! Puis-je avoir un MP de votre part, avec votre nom complet, votre code Transavia et votre num√©ro de r√©clamation ? Je vais aller consulter votre dossier. Je vous remercie !",Transavia France,191872738
Tue Sep 17 16:39:20 +0000 2019,0,1173999890067857408,,0,"@BarouhNejar @transavia Bonsoir, je suis profond√©ment d√©sol√©e que votre r√©clamation n'ait pas √©t√© trait√©e mais je peux le faire ce soir. üòä Pourriez-vous me contacter en mp avec votre nom complet et votre num√©ro de r√©servation svp ? A tout de suite !",Transavia France,191872738
Tue Sep 17 16:38:14 +0000 2019,0,1173999613818408960,,0,"@KtzCharlotte @BarouhNejar @transavia Bonsoir, je suis sinc√®rement navr√©e d'apprendre cela. Pourriez-vous me contacter en priv√© avec votre nom complet et votre num√©ro de r√©servation svp ? Je vais traiter votre r√©clamation. Je suis navr√©e du retard.",Transavia France,191872738
Tue Sep 17 15:10:15 +0000 2019,0,1173977471168995329,,0,"@Cracole Bonjour ! Avec mod√©ration de vos propos, je peux vous aider, j'aurais juste besoin d'un mp avec votre nom complet, votre code Transavia et votre r√©clamation. Merci !",Transavia France,191872738
Tue Sep 17 14:50:19 +0000 2019,0,1173972456283025408,,0,"@KtzCharlotte Bonjour ! Afin de vous aider j'aurais besoin de votre nom, de votre code Transavia et de votre code de r√©clamation en MP je vous prie.",Transavia France,191872738
Tue Sep 17 14:44:23 +0000 2019,0,1173970960988463104,,0,"@KtzCharlotte Bonjour ! Puis-je avoir un MP de votre part avec votre nom complet, votre code Transavia et votre r√©f√©rence de r√©clamation je vous prie ? Je vais examiner votre dossier.",Transavia France,191872738
Tue Sep 17 14:38:30 +0000 2019,0,1173969484203401219,,0,"@idristyle Bonjour Idris ! Normalement, cela ne doit pas poser de souci, mais l'appareil lui-m√™me devra √™tre en mode avion pendant le voyage. Puis-je vous aider en autre chose ?",Transavia France,191872738
Tue Sep 17 13:45:19 +0000 2019,0,1173956098153484288,,0,"@Neeodym Bonjour, je suis navr√© d'apprendre le retard de votre vol et je vous prie de bien vouloir accepter toutes mes excuses au nom de notre compagnie pour ces d√©sagr√©ments. Je suis disponible en DM si vous avez besoin d'assistance dans cette situation. √Ä tout de suite !",Transavia France,191872738
Tue Sep 17 13:40:25 +0000 2019,0,1173954865405583361,,0,@RaphaelCoh 2/2 destination ? J'aurai ainsi un regard complet sur la situation et je pourrai vous proposer une solution adapt√©e. √Ä tout de suite!,Transavia France,191872738
Tue Sep 17 13:39:51 +0000 2019,0,1173954721926852609,,0,"@RaphaelCoh Bonsoir, je suis sinc√®rement navr√© d'apprendre cette situation, et je vous pr√©sente toutes mes excuses pour ces d√©sagr√©ments, loin des valeurs qui sont les n√¥tres. Pouvez-vous revenir vers moi en DM avec le code de r√©servation, le nom de votre grand-m√®re et la 1/2",Transavia France,191872738
Tue Sep 17 12:16:51 +0000 2019,0,1173933832707424257,,0,"@SquallouJ Bonjour, je suis navr√© d'apprendre que le traitement de votre demande prends plus de temps que pr√©vu. Pouvez-vous revenir vers moi en DM avec la r√©f√©rence de votre e-mail, votre code de r√©servation et votre nom complet ? √Ä tout de suite !",Transavia France,191872738
Tue Sep 17 11:59:24 +0000 2019,0,1173929443670335488,,0,"@T0ohny Bonjour. üôÇ Alors votre confirmation de r√©servation suffit, n'oubliez pas de vous munir de votre document d'identit√© et de vous pr√©senter bien 2 h avant le d√©collage ! Excellent vol.",Transavia France,191872738
Tue Sep 17 10:15:00 +0000 2019,0,1173903170885640195,,0,@virgincucumber @virgincucumber 2/2 de ne pouvoir vous aider davantage. Je reste n√©anmoins disponible en DM si vous avez d'autres demandes et je vous souhaite d'ores et d√©j√† une agr√©able journ√©e. Bien √† vous.,Transavia France,191872738
Tue Sep 17 10:13:35 +0000 2019,0,1173902815288340480,,0,"@virgincucumber Bonjour, je regrette que la d√©cision du Service Clients ne soit pas √† la hauteur de vos attentes. Si vous souhaitez la contester, je vous invite √† r√©pondre tout simplement  l'e-mail re√ßu. Ce service √©tant seul d√©cisionnaire sur ces questions, je regrette 1/2",Transavia France,191872738
Tue Sep 17 10:08:31 +0000 2019,0,1173901537942396928,,0,@HarmonySly Bonjour ! Je vous rassure : le fait que nous faisions appel √† l'appareil d'un de nos confr√®res n'emp√™che en rien la m√™me garantie de services et de s√©curit√©. Je suis disponible par message priv√© si besoin. Belle journ√©e √† vous !,Transavia France,191872738
Tue Sep 17 09:42:53 +0000 2019,0,1173895086050107394,,0,"@BarouhNejar C'est not√©, Barouh. Je invite en revanche √† supprimer votre tweet, celui-ci comprenant des infotmations confidentielles. Pour ces m√™mes raisons, je ne pourrai vous renseigner sur votre demande que par message priv√©. √Ä bient√¥t !",Transavia France,191872738
Tue Sep 17 09:24:58 +0000 2019,0,1173890579295612929,,0,"@BarouhNejar 2/2 Je pourrai ainsi vous renseigner sur la suite donn√©e √† votre dossier et, si besoin, le relancer. √Ä tout de suite!",Transavia France,191872738
Tue Sep 17 09:24:27 +0000 2019,0,1173890449108545536,,0,"@BarouhNejar Bonjour, je prends connaissance de votre tweet et je vous pr√©sente toutes mes excuses au nom de notre compagnie pour ces d√©sagr√©ments. Pouvez-vous revenir vers moi en DM avec votre code de r√©servation, votre nom complet et votre adresse e-mail? 1/2",Transavia France,191872738
Tue Sep 17 08:58:42 +0000 2019,0,1173883967109500928,,0,"@virgincucumber Soyez assur√©s que nous ne vous laisserons pas ""sur la touche"". Mes coll√®gues du service client travaillent dur pour traiter l'important exc√©dent de demandes qui a √©t√© g√©n√©r√© par cette haute saison mouvement√©e. Pouvez- m'indiquer votre r√©f√©rence de r√©clamation ?",Transavia France,191872738
Tue Sep 17 06:38:40 +0000 2019,0,1173848727603359744,,0,"@patricoula Bonjour, une r√©ponse vous a √©t√© adress√©e par message priv√© vendredi dernier. Je vous invite √† consulter vos DM. Bien √† vous.",Transavia France,191872738
Tue Sep 17 06:35:26 +0000 2019,0,1173847912868192257,,0,@Kssie_ 2/2 et votre adresse e-mail. √Ä bient√¥t !,Transavia France,191872738
Tue Sep 17 06:34:55 +0000 2019,0,1173847782337273856,,0,"@Kssie_ Bonjour, je suis navr√© d'apprendre que votre vol a √©t√© retard√© et je vous prie de bien vouloir accepter toutes mes excuses au nom de notre compagnie pour ces d√©sagr√©ments. Pouvez-vous m'en dire plus en DM ? Il me faudra votre code de r√©servation, votre nom 1/2",Transavia France,191872738
Tue Sep 17 06:31:00 +0000 2019,0,1173846799918014464,,0,"@jail009 Bonjour, je prends connaissance de votre tweet et je suis navr√© d'apprendre les circonstances de votre voyage. Je vous prie de bien vouloir accepter toutes mes excuses au nom de notre compagnie pour ces d√©sagr√©ments. Pouvez-vous m'en dire plus en DM ? √Ä bient√¥t.",Transavia France,191872738
Mon Sep 16 19:19:12 +0000 2019,1,1173677735723618304,,0,"@_yvain  Normalement un remboursement est effectu√© sous 6 semaines au maximum, donc vous devriez le recevoir dans les prochains jours ! Si ce n'est pas le cas, je vous invite √† revenir vers moi en priv√©. Bonne soir√©e !",Transavia France,191872738
Mon Sep 16 17:42:56 +0000 2019,0,1173653508102533120,,0,"@_yvain Bonjour Yvain, je confirme ce que vous a dit mon coll√®gue en priv√©. Le remboursement est en cours et vous devriez le recevoir dans peu de temps. Avez-vous contact√© votre banque pour en savoir plus ? Je reste disponible en priv√© pour faciliter nos √©changes.",Transavia France,191872738
Mon Sep 16 17:20:45 +0000 2019,0,1173647927547482112,,0,"@Riohome Bonjour ! Afin de r√©pondre √† votre demande, j'ai besoin d'acc√©der √† votre r√©servation. Pouvez-vous m'envoyer en priv√© son num√©ro, le nom des passagers et l'adresse e-mail utilis√©e s'il vous pla√Æt ? Merci d'avance pour votre retour !",Transavia France,191872738
Mon Sep 16 15:54:06 +0000 2019,0,1173626118949285890,,0,"@RachidMBarki Bonjour Rachid ! Les dates que vous regardez correspondent √† une p√©riode tr√®s demand√©e, ce qui explique les prix un peu plus chers. Je vous mets en image les dates les plus int√©r√©ssantes. Je vous souhaite une belle journ√©e ! [LIEN]",Transavia France,191872738
Mon Sep 16 14:01:09 +0000 2019,1,1173597694075555842,,0,@AManuelFerreira Bon voyage ! üõ©Ô∏è üóº,Transavia France,191872738
Mon Sep 16 13:27:18 +0000 2019,0,1173589176392048640,,0,"@kesiaemk Dans l'attente de votre retour en priv√©, je vous souhaite un bon d√©but de semaine. 2/2",Transavia France,191872738
Mon Sep 16 13:26:51 +0000 2019,0,1173589061979770882,,0,"@kesiaemk Bonjour, afin d'√©claircir la situation et vous en dire plus, pouvez-vous me contacter en priv√© avec vos informations personnelles ? J'ai besoin de votre code de r√©servation, nom complet et adresse e-mail s'il vous pla√Æt. 1/2",Transavia France,191872738
Mon Sep 16 11:22:00 +0000 2019,0,1173557645204230145,,0,@WGirardeau 2/2 votre dossier et je pourrai voius aiguiller sur une nouvelle demande si besoin. √Ä tout de suite !,Transavia France,191872738
Mon Sep 16 11:21:29 +0000 2019,0,1173557515470155776,,0,"@WGirardeau Bonjour, je suis navr√© d'apprendre que la r√©ponse donn√©e √† votre demande ne soit pas √† la hauteur de vos attentes. Pouvez-vous revenir vers moi en priv√© avec votre code de r√©servation, votre nom complet et votre adresse e-mail? J'aurai ainsi un regard complet sur 1/2",Transavia France,191872738
Mon Sep 16 09:48:31 +0000 2019,1,1173534117276897281,,0,"@Mini_Aurore Bonjour Aurore, je suis ravi de constater l'int√©r√™t que vous portez √† notre compagnie et je vous en remercie. Les ventes pour la saison d'√©t√© 2020 seront ouvertes dans le courant de la seconde quinzaine de septembre. Belle journ√©e √† vous ! ‚úàÔ∏è",Transavia France,191872738
Mon Sep 16 09:43:14 +0000 2019,0,1173532787019800576,,0,@GirlsnNantes 2/2 votre nom complet et votre adresse e-mail. Nous pourrons ainsi vous proposer une solution adapt√©e √† la situation. √Ä tout de suite !,Transavia France,191872738
Mon Sep 16 09:42:31 +0000 2019,0,1173532608577363973,,0,"@GirlsnNantes Bonjour, je suis sinc√®rement navr√© d'apprendre que votre vol retour a √©t√© annul√© et je vous prie de bien vouloir accepter toutes mes excuses au nom de notre compagnie pour ces d√©sagr√©ments. Je vous invite √† revenir vers nous en DM avec votre code de r√©servation 1/2",Transavia France,191872738
Mon Sep 16 06:02:45 +0000 2019,0,1173477299519459328,,0,@_dabims 2/2 votre nom complet et votre adresse e-mail ? J'aurai ainsi un regard complet sur votre dossier et je pourrai vous proposer la solution la plus adapt√©e. √Ä tout de suite !,Transavia France,191872738
Mon Sep 16 06:01:51 +0000 2019,0,1173477074910269441,,0,"@_dabims Bonjour, je suis navr√© d'apprendre que votre voyage a √©t√© entach√© par un retard et je vous prie de bien vouloir accepter toutes mes excuses au nom de notre compagnie pour ces d√©sagr√©ments. Pouvez-vous revenir moi par message priv√© avec votre code de r√©servation, 1/2",Transavia France,191872738
Mon Sep 16 05:54:57 +0000 2019,0,1173475340427124736,,0,"@blanc_maelane 2/2 Pouvez-vous revenir vers moi par message priv√© avec votre code de r√©servation, votre nom complet et votre adresse e-mail? Je pourrai ainsi avoir un regard plus complet sur votre dossier et vous renseigner sur l'avanc√©e du traitement. √Ä tout de suite !",Transavia France,191872738
Mon Sep 16 05:53:44 +0000 2019,0,1173475030560378880,,0,"@blanc_maelane Bonjour, je suis sinc√®rement navr d'apprendre que le traitement de votre dossier prend plus de temps qu'il ne devrait, et je vous prie de bien vouloir accepter toutes mes excuses au nom de notre compagnie pour ces d√©sagr√©ments. 1/2",Transavia France,191872738
Sun Sep 15 18:27:09 +0000 2019,0,1173302246542630918,,0,"@Romain_Tmb77 Bonsoir Romain, je suis d√©sol√©e que cela ait impact√© votre voyage. Cependant, nos services √† bord sont payants sans exception. Vous pouvez en revanche acheter une bouteille au pr√©alable √† l'a√©roport si besoin. üòä",Transavia France,191872738
Sun Sep 15 18:10:32 +0000 2019,0,1173298064565706754,,0,"@Seb_astiano Bonsoir, je suis navr√©e d'apprendre que vos vols avec nous ont √©t√© impact√©s par des retards. :( Avez-vous d√©poser une r√©clamation correspondante ? N'h√©sitez pas si vous avez des questions. üå∫",Transavia France,191872738
Sun Sep 15 13:38:37 +0000 2019,0,1173229634961444864,,0,"@SmaelBouaici Bonjour Smael, je suis d√©j√† avec vous sur Facebook. Afin de faciliter nos √©changes, je vous invite √† continuer d'√©changer via notre conversation. Merci.",Transavia France,191872738
Sun Sep 15 13:32:27 +0000 2019,0,1173228083991732224,,0,@SmaelBouaici L‚Äôenregistrement en ligne est disponible 30 heures avant le vol et jusqu‚Äô√† une heure avant le d√©part au comptoir Transavia √† l‚Äôa√©roport.,Transavia France,191872738
Sun Sep 15 11:17:55 +0000 2019,1,1173194229641863173,,0,"@amaurymartin1 Bonjour Amaury, je regrette le retard de livraison de vos bagages et de votre vol. üòï En esp√©rant que vous avez pass√© un agr√©able vol pour compenser ces incidents. Je vous souhaite un agr√©able dimanche.",Transavia France,191872738
Sun Sep 15 06:28:46 +0000 2019,0,1173121460430413824,,0,"@Chaarloutte Bonjour ! Je ne comprends pas votre intervention, pouvez-vous m'en dire plus ? Je suis disponible en priv√© si besoin, bonne journ√©e ! ‚òÄÔ∏è",Transavia France,191872738
Sun Sep 15 06:23:58 +0000 2019,1,1173120253850804229,,0,"@NgouSoppi Bonjour Soppi, je vous rassure, c'est simplement que nos services sont ferm√©s de 22 h 00 √† 8 h 00. Je viens tout juste de vous r√©pondre et reste disponible si besoin. Tristan",Transavia France,191872738
Sun Sep 15 06:17:14 +0000 2019,1,1173118559016411136,,0,"@Gonee2Soon Bonjour ! Je viens de vous r√©pondre √† l'instant ! üòä Je reste disponible si besoin, bon dimanche. ‚òÄÔ∏è",Transavia France,191872738
